INSERT INTO public.app_settings (key, value, description, updated_at, updated_by) VALUES ('maintenance_mode', 'false', 'System-wide maintenance mode', '2025-12-24 06:12:41.794655+00', NULL) ON CONFLICT DO NOTHING;
INSERT INTO public.app_settings (key, value, description, updated_at, updated_by) VALUES ('announcement', '{"active": true, "message": "ただいまメンテナンス"}', 'Global announcement banner', '2025-12-24 06:12:41.794655+00', NULL) ON CONFLICT DO NOTHING;
INSERT INTO public.categories (id, name, description, image_url, slug, "order", created_at) VALUES ('09bec7da-f775-4c39-af84-db223f99e8d9', '人体の構造と機能', '解剖生理学や生化学など、人体の基礎的な構造と機能に関する分野', NULL, 'structure-and-function', '1', '2025-12-24 05:39:10.385653+00') ON CONFLICT DO NOTHING;
INSERT INTO public.categories (id, name, description, image_url, slug, "order", created_at) VALUES ('6474ce53-0e9c-4dea-a9fd-f5f7caeeb3ea', '臨床栄養学', '傷病者の栄養管理、栄養食事療法に関する分野', NULL, 'clinical-nutrition', '2', '2025-12-24 05:39:10.385653+00') ON CONFLICT DO NOTHING;
INSERT INTO public.categories (id, name, description, image_url, slug, "order", created_at) VALUES ('e421604c-b58f-4a5b-a8cc-5c1d81d878d4', '食品学', '食品の成分、物性、加工、保存に関する分野', NULL, 'food-science', '3', '2025-12-24 05:39:10.385653+00') ON CONFLICT DO NOTHING;
INSERT INTO public.categories (id, name, description, image_url, slug, "order", created_at) VALUES ('f4ca171f-01a2-4e89-b873-3f888857f082', '公衆栄養学', '地域や集団を対象とした栄養活動に関する分野', NULL, 'public-health-nutrition', '4', '2025-12-24 05:39:10.385653+00') ON CONFLICT DO NOTHING;
INSERT INTO public.categories (id, name, description, image_url, slug, "order", created_at) VALUES ('2a4257c6-2021-4dea-84e4-490609c4751c', '給食経営管理論', '特定多数人に食事を提供する施設の管理・運営に関する分野', NULL, 'food-service-management', '5', '2025-12-24 05:39:10.385653+00') ON CONFLICT DO NOTHING;
INSERT INTO public.categories (id, name, description, image_url, slug, "order", created_at) VALUES ('f8c8d2ad-31c1-453e-8b00-a3c300bbea26', '社会・環境と健康', NULL, NULL, 'social-environmental-health', '0', '2025-12-25 06:59:57.759407+00') ON CONFLICT DO NOTHING;
INSERT INTO public.categories (id, name, description, image_url, slug, "order", created_at) VALUES ('0f2a5d89-8bf9-4084-a143-d19bd5ed5a42', '基礎栄養学', NULL, NULL, 'basic-nutrition', '0', '2025-12-25 06:59:57.759407+00') ON CONFLICT DO NOTHING;
INSERT INTO public.categories (id, name, description, image_url, slug, "order", created_at) VALUES ('36a6b088-bd68-4ced-81ba-c7e26915021e', '応用栄養学', NULL, NULL, 'applied-nutrition', '0', '2025-12-25 06:59:57.759407+00') ON CONFLICT DO NOTHING;
INSERT INTO public.categories (id, name, description, image_url, slug, "order", created_at) VALUES ('269bf20c-94cd-499f-ae93-db36bbfd2aa6', '栄養教育論', NULL, NULL, 'nutrition-education', '0', '2025-12-25 06:59:57.759407+00') ON CONFLICT DO NOTHING;
INSERT INTO public.categories (id, name, description, image_url, slug, "order", created_at) VALUES ('0d3d707c-079c-4b81-aee7-0da4fffe5507', '応用力試験', NULL, NULL, 'applied-exam', '0', '2025-12-25 06:59:57.759407+00') ON CONFLICT DO NOTHING;
INSERT INTO public.questions (id, category_id, content, explanation, image_url, difficulty, question_type, created_at, updated_at, exam_year, question_number) VALUES ('54260d54-7b68-4a2c-a3e9-d8abeb9b7cee', 'f8c8d2ad-31c1-453e-8b00-a3c300bbea26', '疾病の自然史と予防手段の適用段階に関する記述である。 最も適当なのはどれか。1つ選べ。', NULL, NULL, '2', 'multiple_choice', '2025-12-25 09:08:02.152345+00', '2025-12-25 09:08:02.152345+00', '39', '1') ON CONFLICT DO NOTHING;
INSERT INTO public.questions (id, category_id, content, explanation, image_url, difficulty, question_type, created_at, updated_at, exam_year, question_number) VALUES ('c1d0c438-5860-4b23-997e-c8bbc999bcff', 'f8c8d2ad-31c1-453e-8b00-a3c300bbea26', 'ある地域で採取した水道水の塩化物イオンの濃度は 7.090mg/L（塩素の原子 量 : 35. 45）であった。この水道水の塩化物イオン濃度（mmol/L）として、最も適当 なのはどれか。1つ選べ。', NULL, NULL, '2', 'multiple_choice', '2025-12-25 09:08:02.152345+00', '2025-12-25 09:08:02.152345+00', '39', '2') ON CONFLICT DO NOTHING;
INSERT INTO public.questions (id, category_id, content, explanation, image_url, difficulty, question_type, created_at, updated_at, exam_year, question_number) VALUES ('da3d8592-0748-4c4e-b063-89c0a157d232', 'f8c8d2ad-31c1-453e-8b00-a3c300bbea26', 'わが国の国勢調査に関する記述である。最も適当なのはどれか。1つ選べ。', NULL, NULL, '2', 'multiple_choice', '2025-12-25 09:08:02.152345+00', '2025-12-25 09:08:02.152345+00', '39', '3') ON CONFLICT DO NOTHING;
INSERT INTO public.questions (id, category_id, content, explanation, image_url, difficulty, question_type, created_at, updated_at, exam_year, question_number) VALUES ('647bda88-c6a1-4fb5-969e-a276bde8e9be', 'f8c8d2ad-31c1-453e-8b00-a3c300bbea26', 'A 地域および B 地域の年齢階級別人口と、基準集団の年齢階級別死亡率を表に 示す。A 地域の死亡数は 12,000 人、B 地域の死亡数は 12,000 人であった。標準化 死亡比は、表中の基準集団を 100 とする。A 地域と B 地域の比較に関して、この 表から読み取れる内容の記述である。最も適当なのはどれか。1つ選べ。 65 歳以上300,000400,000300', NULL, NULL, '2', 'multiple_choice', '2025-12-25 09:08:02.152345+00', '2025-12-25 09:08:02.152345+00', '39', '4') ON CONFLICT DO NOTHING;
INSERT INTO public.questions (id, category_id, content, explanation, image_url, difficulty, question_type, created_at, updated_at, exam_year, question_number) VALUES ('c0d7aafa-fd93-4ec9-bed1-4fa71fa07107', 'f8c8d2ad-31c1-453e-8b00-a3c300bbea26', '集団 A と集団 B のスクリーニング結果を比較した（表）。集団 B の方が高い指標 として、最も適当なのはどれか。1つ選べ。', NULL, NULL, '2', 'multiple_choice', '2025-12-25 09:08:02.152345+00', '2025-12-25 09:08:02.152345+00', '39', '5') ON CONFLICT DO NOTHING;
INSERT INTO public.questions (id, category_id, content, explanation, image_url, difficulty, question_type, created_at, updated_at, exam_year, question_number) VALUES ('eff68343-e98e-4b63-b1d6-d3ac0fc8e936', 'f8c8d2ad-31c1-453e-8b00-a3c300bbea26', 'ある食品会社は、食品成分 A に血糖値を下げる機能があるかを確認する研究を 大学に委託し、機能性表示食品として販売することを企画した。人を対象とした研 究を実施する上で、最も適当なのはどれか。1つ選べ。', NULL, NULL, '2', 'multiple_choice', '2025-12-25 09:08:02.152345+00', '2025-12-25 09:08:02.152345+00', '39', '6') ON CONFLICT DO NOTHING;
INSERT INTO public.questions (id, category_id, content, explanation, image_url, difficulty, question_type, created_at, updated_at, exam_year, question_number) VALUES ('c16f2e85-e3fc-439f-b594-258b9e0860a2', 'f8c8d2ad-31c1-453e-8b00-a3c300bbea26', '生活習慣（ライフスタイル）の評価と対策に関する記述である。 最も適当なのはどれか。1つ選べ。', NULL, NULL, '2', 'multiple_choice', '2025-12-25 09:08:02.152345+00', '2025-12-25 09:08:02.152345+00', '39', '7') ON CONFLICT DO NOTHING;
INSERT INTO public.questions (id, category_id, content, explanation, image_url, difficulty, question_type, created_at, updated_at, exam_year, question_number) VALUES ('527aefbf-aa0f-44c9-9e91-ba8fa023f26f', 'f8c8d2ad-31c1-453e-8b00-a3c300bbea26', '「健康づくりのための身体活動・運動ガイド 2023」に関する記述である。 最も適当なのはどれか。1つ選べ。', NULL, NULL, '2', 'multiple_choice', '2025-12-25 09:08:02.152345+00', '2025-12-25 09:08:02.152345+00', '39', '8') ON CONFLICT DO NOTHING;
INSERT INTO public.questions (id, category_id, content, explanation, image_url, difficulty, question_type, created_at, updated_at, exam_year, question_number) VALUES ('6ee2c855-b424-4c5a-9052-b7421d1da018', 'f8c8d2ad-31c1-453e-8b00-a3c300bbea26', '歯科口腔保健および学校保健に関する記述である。 最も適当なのはどれか。1つ選べ。', NULL, NULL, '2', 'multiple_choice', '2025-12-25 09:08:02.152345+00', '2025-12-25 09:08:02.152345+00', '39', '9') ON CONFLICT DO NOTHING;
INSERT INTO public.questions (id, category_id, content, explanation, image_url, difficulty, question_type, created_at, updated_at, exam_year, question_number) VALUES ('1db20b72-881f-43f0-911a-a6493077e5d3', 'f8c8d2ad-31c1-453e-8b00-a3c300bbea26', '健康増進法に基づき市町村が行う、対策型がん検診に関する記述である。 最も適当なのはどれか。1つ選べ。', NULL, NULL, '2', 'multiple_choice', '2025-12-25 09:08:02.152345+00', '2025-12-25 09:08:02.152345+00', '39', '10') ON CONFLICT DO NOTHING;
INSERT INTO public.questions (id, category_id, content, explanation, image_url, difficulty, question_type, created_at, updated_at, exam_year, question_number) VALUES ('a0da28aa-d5bd-4c05-bc6a-5a8f875a73f3', 'f8c8d2ad-31c1-453e-8b00-a3c300bbea26', '地球温暖化に伴い、流行地域の拡大が懸念されている感染症として、最も適当な のはどれか。1つ選べ。', NULL, NULL, '2', 'multiple_choice', '2025-12-25 09:08:55.17273+00', '2025-12-25 09:08:55.17273+00', '39', '11') ON CONFLICT DO NOTHING;
INSERT INTO public.questions (id, category_id, content, explanation, image_url, difficulty, question_type, created_at, updated_at, exam_year, question_number) VALUES ('ed9dca4f-debf-444a-b798-b9e907a23eb0', 'f8c8d2ad-31c1-453e-8b00-a3c300bbea26', '難病の患者に対する医療等に関する法律（難病法）における、難病の定義に関する 記述である。誤っているのはどれか。1つ選べ。', NULL, NULL, '2', 'multiple_choice', '2025-12-25 09:08:55.17273+00', '2025-12-25 09:08:55.17273+00', '39', '12') ON CONFLICT DO NOTHING;
INSERT INTO public.questions (id, category_id, content, explanation, image_url, difficulty, question_type, created_at, updated_at, exam_year, question_number) VALUES ('738d6595-8e7c-43b7-83ac-74966451bbfc', 'f8c8d2ad-31c1-453e-8b00-a3c300bbea26', 'わが国の社会保障制度を構成するもののうち、生活保護が該当するものとして、 最も適当なのはどれか。1つ選べ。', NULL, NULL, '2', 'multiple_choice', '2025-12-25 09:08:55.17273+00', '2025-12-25 09:08:55.17273+00', '39', '13') ON CONFLICT DO NOTHING;
INSERT INTO public.questions (id, category_id, content, explanation, image_url, difficulty, question_type, created_at, updated_at, exam_year, question_number) VALUES ('5db3c62a-3baa-40a1-8320-7e91a680fa24', 'f8c8d2ad-31c1-453e-8b00-a3c300bbea26', '市町村保健センターに関する記述である。最も適当なのはどれか。1つ選べ。', NULL, NULL, '2', 'multiple_choice', '2025-12-25 09:08:55.17273+00', '2025-12-25 09:08:55.17273+00', '39', '14') ON CONFLICT DO NOTHING;
INSERT INTO public.questions (id, category_id, content, explanation, image_url, difficulty, question_type, created_at, updated_at, exam_year, question_number) VALUES ('9c0e9b3b-a83e-454a-a8ca-f0b0e1f7cee8', 'f8c8d2ad-31c1-453e-8b00-a3c300bbea26', '特定健康診査・特定保健指導に関する記述である。 最も適当なのはどれか。1つ選べ。', NULL, NULL, '2', 'multiple_choice', '2025-12-25 09:08:55.17273+00', '2025-12-25 09:08:55.17273+00', '39', '15') ON CONFLICT DO NOTHING;
INSERT INTO public.questions (id, category_id, content, explanation, image_url, difficulty, question_type, created_at, updated_at, exam_year, question_number) VALUES ('83345644-10be-4680-a7ea-b9a9001cb528', 'f8c8d2ad-31c1-453e-8b00-a3c300bbea26', '高齢者の介護に関する記述である。最も適当なのはどれか。1つ選べ。', NULL, NULL, '2', 'multiple_choice', '2025-12-25 09:08:55.17273+00', '2025-12-25 09:08:55.17273+00', '39', '16') ON CONFLICT DO NOTHING;
INSERT INTO public.questions (id, category_id, content, explanation, image_url, difficulty, question_type, created_at, updated_at, exam_year, question_number) VALUES ('09868cfe-c3dd-4130-8f95-4abccc183334', '09bec7da-f775-4c39-af84-db223f99e8d9', '人体を構成する細胞に関する記述である。最も適当なのはどれか。1つ選べ。', NULL, NULL, '2', 'multiple_choice', '2025-12-25 09:08:55.17273+00', '2025-12-25 09:08:55.17273+00', '39', '17') ON CONFLICT DO NOTHING;
INSERT INTO public.questions (id, category_id, content, explanation, image_url, difficulty, question_type, created_at, updated_at, exam_year, question_number) VALUES ('3623d8f1-fc81-4dc7-af6e-23385e7579c2', '09bec7da-f775-4c39-af84-db223f99e8d9', 'アミノ酸・たんぱく質・糖質に関する記述である。 最も適当なのはどれか。1つ選べ。', NULL, NULL, '2', 'multiple_choice', '2025-12-25 09:08:55.17273+00', '2025-12-25 09:08:55.17273+00', '39', '18') ON CONFLICT DO NOTHING;
INSERT INTO public.questions (id, category_id, content, explanation, image_url, difficulty, question_type, created_at, updated_at, exam_year, question_number) VALUES ('203ce4e0-53b0-4375-a37d-062cc521296a', '09bec7da-f775-4c39-af84-db223f99e8d9', '生体エネルギー源と代謝に関する記述である。 最も適当なのはどれか。1つ選べ。', NULL, NULL, '2', 'multiple_choice', '2025-12-25 09:08:55.17273+00', '2025-12-25 09:08:55.17273+00', '39', '19') ON CONFLICT DO NOTHING;
INSERT INTO public.questions (id, category_id, content, explanation, image_url, difficulty, question_type, created_at, updated_at, exam_year, question_number) VALUES ('14dbf186-0887-4b9f-a4a6-855f693ac19f', '09bec7da-f775-4c39-af84-db223f99e8d9', 'アミノ酸・糖質・脂質の代謝に関する記述である。 最も適当なのはどれか。1つ選べ。', NULL, NULL, '2', 'multiple_choice', '2025-12-25 09:08:55.17273+00', '2025-12-25 09:08:55.17273+00', '39', '20') ON CONFLICT DO NOTHING;
INSERT INTO public.questions (id, category_id, content, explanation, image_url, difficulty, question_type, created_at, updated_at, exam_year, question_number) VALUES ('4191e2e7-5081-4591-bde1-20b34401158a', 'f8c8d2ad-31c1-453e-8b00-a3c300bbea26', '疾病の自然史と予防手段の適用段階に関する記述である。 最も適当なのはどれか。1つ選べ。', NULL, NULL, '2', 'multiple_choice', '2025-12-25 09:10:28.469435+00', '2025-12-25 09:10:28.469435+00', '39', '1') ON CONFLICT DO NOTHING;
INSERT INTO public.questions (id, category_id, content, explanation, image_url, difficulty, question_type, created_at, updated_at, exam_year, question_number) VALUES ('b20abc83-bf36-4c4e-a8a1-899a26ccc474', 'f8c8d2ad-31c1-453e-8b00-a3c300bbea26', 'ある地域で採取した水道水の塩化物イオンの濃度は 7.090mg/L（塩素の原子 量 : 35. 45）であった。この水道水の塩化物イオン濃度（mmol/L）として、最も適当 なのはどれか。1つ選べ。', NULL, NULL, '2', 'multiple_choice', '2025-12-25 09:10:28.469435+00', '2025-12-25 09:10:28.469435+00', '39', '2') ON CONFLICT DO NOTHING;
INSERT INTO public.questions (id, category_id, content, explanation, image_url, difficulty, question_type, created_at, updated_at, exam_year, question_number) VALUES ('4f7452b1-3b4a-4dc6-a444-6fdf0c615bba', 'f8c8d2ad-31c1-453e-8b00-a3c300bbea26', 'わが国の国勢調査に関する記述である。最も適当なのはどれか。1つ選べ。', NULL, NULL, '2', 'multiple_choice', '2025-12-25 09:10:28.469435+00', '2025-12-25 09:10:28.469435+00', '39', '3') ON CONFLICT DO NOTHING;
INSERT INTO public.questions (id, category_id, content, explanation, image_url, difficulty, question_type, created_at, updated_at, exam_year, question_number) VALUES ('1bfcf8d2-79a8-4496-b3c1-afc8a985b27e', 'f8c8d2ad-31c1-453e-8b00-a3c300bbea26', 'A 地域および B 地域の年齢階級別人口と、基準集団の年齢階級別死亡率を表に 示す。A 地域の死亡数は 12,000 人、B 地域の死亡数は 12,000 人であった。標準化 死亡比は、表中の基準集団を 100 とする。A 地域と B 地域の比較に関して、この 表から読み取れる内容の記述である。最も適当なのはどれか。1つ選べ。 65 歳以上300,000400,000300', NULL, NULL, '2', 'multiple_choice', '2025-12-25 09:10:28.469435+00', '2025-12-25 09:10:28.469435+00', '39', '4') ON CONFLICT DO NOTHING;
INSERT INTO public.questions (id, category_id, content, explanation, image_url, difficulty, question_type, created_at, updated_at, exam_year, question_number) VALUES ('c52411af-37aa-42c4-aaa2-97e25d035aa0', 'f8c8d2ad-31c1-453e-8b00-a3c300bbea26', '集団 A と集団 B のスクリーニング結果を比較した（表）。集団 B の方が高い指標 として、最も適当なのはどれか。1つ選べ。', NULL, NULL, '2', 'multiple_choice', '2025-12-25 09:10:28.469435+00', '2025-12-25 09:10:28.469435+00', '39', '5') ON CONFLICT DO NOTHING;
INSERT INTO public.questions (id, category_id, content, explanation, image_url, difficulty, question_type, created_at, updated_at, exam_year, question_number) VALUES ('b047b4a4-887c-4dbc-987a-d91e88b838fa', 'f8c8d2ad-31c1-453e-8b00-a3c300bbea26', 'ある食品会社は、食品成分 A に血糖値を下げる機能があるかを確認する研究を 大学に委託し、機能性表示食品として販売することを企画した。人を対象とした研 究を実施する上で、最も適当なのはどれか。1つ選べ。', NULL, NULL, '2', 'multiple_choice', '2025-12-25 09:10:28.469435+00', '2025-12-25 09:10:28.469435+00', '39', '6') ON CONFLICT DO NOTHING;
INSERT INTO public.questions (id, category_id, content, explanation, image_url, difficulty, question_type, created_at, updated_at, exam_year, question_number) VALUES ('ffcf4e4f-ce6c-4bb9-9e58-ec5d5f6a40c6', 'f8c8d2ad-31c1-453e-8b00-a3c300bbea26', '生活習慣（ライフスタイル）の評価と対策に関する記述である。 最も適当なのはどれか。1つ選べ。', NULL, NULL, '2', 'multiple_choice', '2025-12-25 09:10:28.469435+00', '2025-12-25 09:10:28.469435+00', '39', '7') ON CONFLICT DO NOTHING;
INSERT INTO public.questions (id, category_id, content, explanation, image_url, difficulty, question_type, created_at, updated_at, exam_year, question_number) VALUES ('da76dc57-a0ea-44de-9b6d-fdc4d0c39d14', 'f8c8d2ad-31c1-453e-8b00-a3c300bbea26', '「健康づくりのための身体活動・運動ガイド 2023」に関する記述である。 最も適当なのはどれか。1つ選べ。', NULL, NULL, '2', 'multiple_choice', '2025-12-25 09:10:28.469435+00', '2025-12-25 09:10:28.469435+00', '39', '8') ON CONFLICT DO NOTHING;
INSERT INTO public.questions (id, category_id, content, explanation, image_url, difficulty, question_type, created_at, updated_at, exam_year, question_number) VALUES ('202c6f1e-85de-4e47-97a9-6b2a5bdb8f79', 'f8c8d2ad-31c1-453e-8b00-a3c300bbea26', '歯科口腔保健および学校保健に関する記述である。 最も適当なのはどれか。1つ選べ。', NULL, NULL, '2', 'multiple_choice', '2025-12-25 09:10:28.469435+00', '2025-12-25 09:10:28.469435+00', '39', '9') ON CONFLICT DO NOTHING;
INSERT INTO public.questions (id, category_id, content, explanation, image_url, difficulty, question_type, created_at, updated_at, exam_year, question_number) VALUES ('3d759f34-f5d3-494d-be2a-0add50158a1b', 'f8c8d2ad-31c1-453e-8b00-a3c300bbea26', '健康増進法に基づき市町村が行う、対策型がん検診に関する記述である。 最も適当なのはどれか。1つ選べ。', NULL, NULL, '2', 'multiple_choice', '2025-12-25 09:10:28.469435+00', '2025-12-25 09:10:28.469435+00', '39', '10') ON CONFLICT DO NOTHING;
INSERT INTO public.questions (id, category_id, content, explanation, image_url, difficulty, question_type, created_at, updated_at, exam_year, question_number) VALUES ('81a76e5c-c830-4d40-b14c-c9beb00d5ce8', 'f8c8d2ad-31c1-453e-8b00-a3c300bbea26', '地球温暖化に伴い、流行地域の拡大が懸念されている感染症として、最も適当な のはどれか。1つ選べ。', NULL, NULL, '2', 'multiple_choice', '2025-12-25 09:10:29.194975+00', '2025-12-25 09:10:29.194975+00', '39', '11') ON CONFLICT DO NOTHING;
INSERT INTO public.questions (id, category_id, content, explanation, image_url, difficulty, question_type, created_at, updated_at, exam_year, question_number) VALUES ('715abb18-5fce-4563-8f87-f52d3b19043a', 'f8c8d2ad-31c1-453e-8b00-a3c300bbea26', '難病の患者に対する医療等に関する法律（難病法）における、難病の定義に関する 記述である。誤っているのはどれか。1つ選べ。', NULL, NULL, '2', 'multiple_choice', '2025-12-25 09:10:29.194975+00', '2025-12-25 09:10:29.194975+00', '39', '12') ON CONFLICT DO NOTHING;
INSERT INTO public.questions (id, category_id, content, explanation, image_url, difficulty, question_type, created_at, updated_at, exam_year, question_number) VALUES ('2e5d0f70-d06a-4752-ade0-da981e77cf4f', 'f8c8d2ad-31c1-453e-8b00-a3c300bbea26', 'わが国の社会保障制度を構成するもののうち、生活保護が該当するものとして、 最も適当なのはどれか。1つ選べ。', NULL, NULL, '2', 'multiple_choice', '2025-12-25 09:10:29.194975+00', '2025-12-25 09:10:29.194975+00', '39', '13') ON CONFLICT DO NOTHING;
INSERT INTO public.questions (id, category_id, content, explanation, image_url, difficulty, question_type, created_at, updated_at, exam_year, question_number) VALUES ('489f66e6-113a-4552-9630-d33aa4192414', 'f8c8d2ad-31c1-453e-8b00-a3c300bbea26', '市町村保健センターに関する記述である。最も適当なのはどれか。1つ選べ。', NULL, NULL, '2', 'multiple_choice', '2025-12-25 09:10:29.194975+00', '2025-12-25 09:10:29.194975+00', '39', '14') ON CONFLICT DO NOTHING;
INSERT INTO public.questions (id, category_id, content, explanation, image_url, difficulty, question_type, created_at, updated_at, exam_year, question_number) VALUES ('d631148c-8066-414d-9d8f-c49d8aab6f0f', 'f8c8d2ad-31c1-453e-8b00-a3c300bbea26', '特定健康診査・特定保健指導に関する記述である。 最も適当なのはどれか。1つ選べ。', NULL, NULL, '2', 'multiple_choice', '2025-12-25 09:10:29.194975+00', '2025-12-25 09:10:29.194975+00', '39', '15') ON CONFLICT DO NOTHING;
INSERT INTO public.questions (id, category_id, content, explanation, image_url, difficulty, question_type, created_at, updated_at, exam_year, question_number) VALUES ('73e68e5d-f28a-4c52-83b7-9c9472d4e85c', 'f8c8d2ad-31c1-453e-8b00-a3c300bbea26', '高齢者の介護に関する記述である。最も適当なのはどれか。1つ選べ。', NULL, NULL, '2', 'multiple_choice', '2025-12-25 09:10:29.194975+00', '2025-12-25 09:10:29.194975+00', '39', '16') ON CONFLICT DO NOTHING;
INSERT INTO public.questions (id, category_id, content, explanation, image_url, difficulty, question_type, created_at, updated_at, exam_year, question_number) VALUES ('84623e9a-d156-475c-8644-6d95a3149e22', '09bec7da-f775-4c39-af84-db223f99e8d9', '人体を構成する細胞に関する記述である。最も適当なのはどれか。1つ選べ。', NULL, NULL, '2', 'multiple_choice', '2025-12-25 09:10:29.194975+00', '2025-12-25 09:10:29.194975+00', '39', '17') ON CONFLICT DO NOTHING;
INSERT INTO public.questions (id, category_id, content, explanation, image_url, difficulty, question_type, created_at, updated_at, exam_year, question_number) VALUES ('db3a6010-e06b-42ca-8d50-56a28e23aef7', '09bec7da-f775-4c39-af84-db223f99e8d9', 'アミノ酸・たんぱく質・糖質に関する記述である。 最も適当なのはどれか。1つ選べ。', NULL, NULL, '2', 'multiple_choice', '2025-12-25 09:10:29.194975+00', '2025-12-25 09:10:29.194975+00', '39', '18') ON CONFLICT DO NOTHING;
INSERT INTO public.questions (id, category_id, content, explanation, image_url, difficulty, question_type, created_at, updated_at, exam_year, question_number) VALUES ('2c4cc6f1-2389-4cde-a8c8-9cf9b5904669', '09bec7da-f775-4c39-af84-db223f99e8d9', '生体エネルギー源と代謝に関する記述である。 最も適当なのはどれか。1つ選べ。', NULL, NULL, '2', 'multiple_choice', '2025-12-25 09:10:29.194975+00', '2025-12-25 09:10:29.194975+00', '39', '19') ON CONFLICT DO NOTHING;
INSERT INTO public.questions (id, category_id, content, explanation, image_url, difficulty, question_type, created_at, updated_at, exam_year, question_number) VALUES ('35055d3d-6e04-4f77-a2aa-43f2daba486b', '09bec7da-f775-4c39-af84-db223f99e8d9', 'アミノ酸・糖質・脂質の代謝に関する記述である。 最も適当なのはどれか。1つ選べ。', NULL, NULL, '2', 'multiple_choice', '2025-12-25 09:10:29.194975+00', '2025-12-25 09:10:29.194975+00', '39', '20') ON CONFLICT DO NOTHING;
INSERT INTO public.questions (id, category_id, content, explanation, image_url, difficulty, question_type, created_at, updated_at, exam_year, question_number) VALUES ('aaa2dde6-5876-4951-ad2b-5fe9e54c855f', '09bec7da-f775-4c39-af84-db223f99e8d9', '酸塩基平衡に関する記述である。最も適当なのはどれか。1つ選べ。', NULL, NULL, '2', 'multiple_choice', '2025-12-25 09:11:34.055595+00', '2025-12-25 09:11:34.055595+00', '39', '21') ON CONFLICT DO NOTHING;
INSERT INTO public.questions (id, category_id, content, explanation, image_url, difficulty, question_type, created_at, updated_at, exam_year, question_number) VALUES ('29c35e0c-f09c-4ee3-ba52-36d8708b6fb0', '09bec7da-f775-4c39-af84-db223f99e8d9', '加齢・疾患に伴う変化に関する記述である。最も適当なのはどれか。1つ選べ。', NULL, NULL, '2', 'multiple_choice', '2025-12-25 09:11:34.055595+00', '2025-12-25 09:11:34.055595+00', '39', '22') ON CONFLICT DO NOTHING;
INSERT INTO public.questions (id, category_id, content, explanation, image_url, difficulty, question_type, created_at, updated_at, exam_year, question_number) VALUES ('35e4126d-3fa9-4754-9f34-99afce2f48c5', '09bec7da-f775-4c39-af84-db223f99e8d9', '臨床検査に関する記述である。最も適当なのはどれか。1つ選べ。', NULL, NULL, '2', 'multiple_choice', '2025-12-25 09:11:34.055595+00', '2025-12-25 09:11:34.055595+00', '39', '23') ON CONFLICT DO NOTHING;
INSERT INTO public.questions (id, category_id, content, explanation, image_url, difficulty, question_type, created_at, updated_at, exam_year, question_number) VALUES ('0d3c9d54-c77b-49ec-b6c5-e85c5fa5e65f', '09bec7da-f775-4c39-af84-db223f99e8d9', '治療に関する記述である。最も適当なのはどれか。1つ選べ。', NULL, NULL, '2', 'multiple_choice', '2025-12-25 09:11:34.055595+00', '2025-12-25 09:11:34.055595+00', '39', '24') ON CONFLICT DO NOTHING;
INSERT INTO public.questions (id, category_id, content, explanation, image_url, difficulty, question_type, created_at, updated_at, exam_year, question_number) VALUES ('5a8700e8-fd6b-46fc-bc0d-2128284ecca2', '09bec7da-f775-4c39-af84-db223f99e8d9', '脂質代謝に関する記述である。最も適当なのはどれか。1つ選べ。', NULL, NULL, '2', 'multiple_choice', '2025-12-25 09:11:34.055595+00', '2025-12-25 09:11:34.055595+00', '39', '25') ON CONFLICT DO NOTHING;
INSERT INTO public.questions (id, category_id, content, explanation, image_url, difficulty, question_type, created_at, updated_at, exam_year, question_number) VALUES ('32c48180-1086-410b-8ef1-26d9f80752f3', '09bec7da-f775-4c39-af84-db223f99e8d9', '消化器系の構造と機能に関する記述である。最も適当なのはどれか。1つ選べ。', NULL, NULL, '2', 'multiple_choice', '2025-12-25 09:11:34.055595+00', '2025-12-25 09:11:34.055595+00', '39', '26') ON CONFLICT DO NOTHING;
INSERT INTO public.questions (id, category_id, content, explanation, image_url, difficulty, question_type, created_at, updated_at, exam_year, question_number) VALUES ('942434e6-c815-4fb5-b55a-cfb30b15a9c6', '09bec7da-f775-4c39-af84-db223f99e8d9', '肝疾患に関する記述である。最も適当なのはどれか。1つ選べ。', NULL, NULL, '2', 'multiple_choice', '2025-12-25 09:11:34.055595+00', '2025-12-25 09:11:34.055595+00', '39', '27') ON CONFLICT DO NOTHING;
INSERT INTO public.questions (id, category_id, content, explanation, image_url, difficulty, question_type, created_at, updated_at, exam_year, question_number) VALUES ('83f4c68c-1feb-4621-8b69-6118b6af5f20', '09bec7da-f775-4c39-af84-db223f99e8d9', '循環器系の構造と機能に関する記述である。最も適当なのはどれか。1つ選べ。', NULL, NULL, '2', 'multiple_choice', '2025-12-25 09:11:34.055595+00', '2025-12-25 09:11:34.055595+00', '39', '28') ON CONFLICT DO NOTHING;
INSERT INTO public.questions (id, category_id, content, explanation, image_url, difficulty, question_type, created_at, updated_at, exam_year, question_number) VALUES ('e475b330-fd90-4969-a723-f52d217c0b5e', '09bec7da-f775-4c39-af84-db223f99e8d9', '循環器疾患に関する記述である。最も適当なのはどれか。1つ選べ。', NULL, NULL, '2', 'multiple_choice', '2025-12-25 09:11:34.055595+00', '2025-12-25 09:11:34.055595+00', '39', '29') ON CONFLICT DO NOTHING;
INSERT INTO public.questions (id, category_id, content, explanation, image_url, difficulty, question_type, created_at, updated_at, exam_year, question_number) VALUES ('ac95c5b0-aa5c-4257-8714-16ca0f1b8ed0', '09bec7da-f775-4c39-af84-db223f99e8d9', '腎・尿路系の構造と機能に関する記述である。最も適当なのはどれか。1つ選べ。', NULL, NULL, '2', 'multiple_choice', '2025-12-25 09:11:34.055595+00', '2025-12-25 09:11:34.055595+00', '39', '30') ON CONFLICT DO NOTHING;
INSERT INTO public.questions (id, category_id, content, explanation, image_url, difficulty, question_type, created_at, updated_at, exam_year, question_number) VALUES ('3bb5ac4a-7d48-4e6d-8c6b-9d2a1f50a88e', '09bec7da-f775-4c39-af84-db223f99e8d9', 'A 群β溶血性連鎖球菌感染を契機とする急性糸球体腎炎に関する記述である。 最も適当なのはどれか。1つ選べ。', NULL, NULL, '2', 'multiple_choice', '2025-12-25 09:12:02.382593+00', '2025-12-25 09:12:02.382593+00', '39', '31') ON CONFLICT DO NOTHING;
INSERT INTO public.questions (id, category_id, content, explanation, image_url, difficulty, question_type, created_at, updated_at, exam_year, question_number) VALUES ('970d8720-1be9-47eb-acd2-3a45b9ce74b6', '09bec7da-f775-4c39-af84-db223f99e8d9', '甲状腺・副甲状腺の疾患に関する記述である。最も適当なのはどれか。1つ選べ。', NULL, NULL, '2', 'multiple_choice', '2025-12-25 09:12:02.382593+00', '2025-12-25 09:12:02.382593+00', '39', '32') ON CONFLICT DO NOTHING;
INSERT INTO public.questions (id, category_id, content, explanation, image_url, difficulty, question_type, created_at, updated_at, exam_year, question_number) VALUES ('d0fee863-1e6e-47a1-80f0-fdaf5c895ead', '09bec7da-f775-4c39-af84-db223f99e8d9', 'パーキンソン病に関する記述である。最も適当なのはどれか。1つ選べ。', NULL, NULL, '2', 'multiple_choice', '2025-12-25 09:12:02.382593+00', '2025-12-25 09:12:02.382593+00', '39', '33') ON CONFLICT DO NOTHING;
INSERT INTO public.questions (id, category_id, content, explanation, image_url, difficulty, question_type, created_at, updated_at, exam_year, question_number) VALUES ('f7e4e390-e643-4e55-86c9-37fe625b5ee7', '09bec7da-f775-4c39-af84-db223f99e8d9', '呼吸器系の構造と機能に関する記述である。最も適当なのはどれか。1つ選べ。', NULL, NULL, '2', 'multiple_choice', '2025-12-25 09:12:02.382593+00', '2025-12-25 09:12:02.382593+00', '39', '34') ON CONFLICT DO NOTHING;
INSERT INTO public.questions (id, category_id, content, explanation, image_url, difficulty, question_type, created_at, updated_at, exam_year, question_number) VALUES ('bca763a3-0fb4-41c5-9af8-728018fbbdc4', '09bec7da-f775-4c39-af84-db223f99e8d9', '呼吸器疾患に関する記述である。最も適当なのはどれか。1つ選べ。', NULL, NULL, '2', 'multiple_choice', '2025-12-25 09:12:02.382593+00', '2025-12-25 09:12:02.382593+00', '39', '35') ON CONFLICT DO NOTHING;
INSERT INTO public.questions (id, category_id, content, explanation, image_url, difficulty, question_type, created_at, updated_at, exam_year, question_number) VALUES ('b0b15fb8-de69-45ae-b896-72057ff239db', '09bec7da-f775-4c39-af84-db223f99e8d9', '平滑筋に関する記述である。最も適当なのはどれか。1つ選べ。', NULL, NULL, '2', 'multiple_choice', '2025-12-25 09:12:02.382593+00', '2025-12-25 09:12:02.382593+00', '39', '36') ON CONFLICT DO NOTHING;
INSERT INTO public.questions (id, category_id, content, explanation, image_url, difficulty, question_type, created_at, updated_at, exam_year, question_number) VALUES ('af3be147-8e27-4e2a-bda9-e6c74e949d33', '09bec7da-f775-4c39-af84-db223f99e8d9', '骨粗鬆症に関する記述である。最も適当なのはどれか。1つ選べ。', NULL, NULL, '2', 'multiple_choice', '2025-12-25 09:12:02.382593+00', '2025-12-25 09:12:02.382593+00', '39', '37') ON CONFLICT DO NOTHING;
INSERT INTO public.questions (id, category_id, content, explanation, image_url, difficulty, question_type, created_at, updated_at, exam_year, question_number) VALUES ('f858328e-1766-4856-92b5-8ed961dc992d', '09bec7da-f775-4c39-af84-db223f99e8d9', '妊娠糖尿病に関する記述である。最も適当なのはどれか。1つ選べ。', NULL, NULL, '2', 'multiple_choice', '2025-12-25 09:12:02.382593+00', '2025-12-25 09:12:02.382593+00', '39', '38') ON CONFLICT DO NOTHING;
INSERT INTO public.questions (id, category_id, content, explanation, image_url, difficulty, question_type, created_at, updated_at, exam_year, question_number) VALUES ('f1cde9f7-0d1d-47bb-9612-6d4fbcb7da83', '09bec7da-f775-4c39-af84-db223f99e8d9', '血液系の構造と機能に関する記述である。最も適当なのはどれか。1つ選べ。', NULL, NULL, '2', 'multiple_choice', '2025-12-25 09:12:02.382593+00', '2025-12-25 09:12:02.382593+00', '39', '39') ON CONFLICT DO NOTHING;
INSERT INTO public.questions (id, category_id, content, explanation, image_url, difficulty, question_type, created_at, updated_at, exam_year, question_number) VALUES ('0e693547-56bf-4fb0-a963-d00faf80913c', '09bec7da-f775-4c39-af84-db223f99e8d9', '血液疾患に関する記述である。最も適当なのはどれか。1つ選べ。', NULL, NULL, '2', 'multiple_choice', '2025-12-25 09:12:02.382593+00', '2025-12-25 09:12:02.382593+00', '39', '40') ON CONFLICT DO NOTHING;
INSERT INTO public.questions (id, category_id, content, explanation, image_url, difficulty, question_type, created_at, updated_at, exam_year, question_number) VALUES ('7582b1ed-2acc-4b84-9660-f42170080d5e', '09bec7da-f775-4c39-af84-db223f99e8d9', '関節リウマチに関する記述である。最も適当なのはどれか。1つ選べ。', NULL, NULL, '2', 'multiple_choice', '2025-12-25 09:12:31.161975+00', '2025-12-25 09:12:31.161975+00', '39', '41') ON CONFLICT DO NOTHING;
INSERT INTO public.questions (id, category_id, content, explanation, image_url, difficulty, question_type, created_at, updated_at, exam_year, question_number) VALUES ('f0cba206-86d4-47ef-9471-849b22bafcdb', '09bec7da-f775-4c39-af84-db223f99e8d9', '感染症に関する記述である。最も適当なのはどれか。1つ選べ。', NULL, NULL, '2', 'multiple_choice', '2025-12-25 09:12:31.161975+00', '2025-12-25 09:12:31.161975+00', '39', '42') ON CONFLICT DO NOTHING;
INSERT INTO public.questions (id, category_id, content, explanation, image_url, difficulty, question_type, created_at, updated_at, exam_year, question_number) VALUES ('ffd163c1-6067-4d9d-a7f8-a2cb1a4f35c0', 'e421604c-b58f-4a5b-a8cc-5c1d81d878d4', '野菜類に関する記述である。最も適当なのはどれか。1つ選べ。', NULL, NULL, '2', 'multiple_choice', '2025-12-25 09:12:31.161975+00', '2025-12-25 09:12:31.161975+00', '39', '43') ON CONFLICT DO NOTHING;
INSERT INTO public.questions (id, category_id, content, explanation, image_url, difficulty, question_type, created_at, updated_at, exam_year, question_number) VALUES ('b663ed03-d361-4e39-9e9c-993fcf7caa74', 'e421604c-b58f-4a5b-a8cc-5c1d81d878d4', 'きのこ類に関する記述である。最も適当なのはどれか。1つ選べ。', NULL, NULL, '2', 'multiple_choice', '2025-12-25 09:12:31.161975+00', '2025-12-25 09:12:31.161975+00', '39', '44') ON CONFLICT DO NOTHING;
INSERT INTO public.questions (id, category_id, content, explanation, image_url, difficulty, question_type, created_at, updated_at, exam_year, question_number) VALUES ('a13d7a1b-7a08-4429-bf5c-f8c216ef60e9', 'e421604c-b58f-4a5b-a8cc-5c1d81d878d4', '肉類に関する記述である。最も適当なのはどれか。1つ選べ。', NULL, NULL, '2', 'multiple_choice', '2025-12-25 09:12:31.161975+00', '2025-12-25 09:12:31.161975+00', '39', '45') ON CONFLICT DO NOTHING;
INSERT INTO public.questions (id, category_id, content, explanation, image_url, difficulty, question_type, created_at, updated_at, exam_year, question_number) VALUES ('e2059677-3a82-4f6f-a7fb-c80d436e376c', 'e421604c-b58f-4a5b-a8cc-5c1d81d878d4', '油脂類に関する記述である。最も適当なのはどれか。1つ選べ。', NULL, NULL, '2', 'multiple_choice', '2025-12-25 09:12:31.161975+00', '2025-12-25 09:12:31.161975+00', '39', '46') ON CONFLICT DO NOTHING;
INSERT INTO public.questions (id, category_id, content, explanation, image_url, difficulty, question_type, created_at, updated_at, exam_year, question_number) VALUES ('f8cd0b6b-c86f-4591-a090-f8ea2710f4ac', 'e421604c-b58f-4a5b-a8cc-5c1d81d878d4', '精白米の第一制限アミノ酸は、塩基性であり、アミノカルボニル反応が生じやす い。このアミノ酸の構造式として、最も適当なのはどれか。1つ選べ。 (1) (2) (3) (4) O O HO O OH OH OH O H ２ N OH H ２ N NH ２ NH ２ O (5) HO OH OO H ３ C 16', NULL, NULL, '2', 'multiple_choice', '2025-12-25 09:12:31.161975+00', '2025-12-25 09:12:31.161975+00', '39', '47') ON CONFLICT DO NOTHING;
INSERT INTO public.questions (id, category_id, content, explanation, image_url, difficulty, question_type, created_at, updated_at, exam_year, question_number) VALUES ('8280d5b8-bb29-4afa-9831-61d89748d0e8', 'e421604c-b58f-4a5b-a8cc-5c1d81d878d4', '食品の機能性成分には、消化管内で作用する機能（消化管内）と、吸収後に標的組 織で作用する機能（標的組織）とがある。食品成分の三次機能と作用する場所の組合 せとして、最も適当なのはどれか。1つ選べ。', NULL, NULL, '2', 'multiple_choice', '2025-12-25 09:12:31.161975+00', '2025-12-25 09:12:31.161975+00', '39', '48') ON CONFLICT DO NOTHING;
INSERT INTO public.questions (id, category_id, content, explanation, image_url, difficulty, question_type, created_at, updated_at, exam_year, question_number) VALUES ('1535dd34-f264-4dbd-97e2-baf207d8205a', 'e421604c-b58f-4a5b-a8cc-5c1d81d878d4', '特定保健用食品の関与成分による三次機能と作用機序の組合せである。 最も適当なのはどれか。1つ選べ。', NULL, NULL, '2', 'multiple_choice', '2025-12-25 09:12:31.161975+00', '2025-12-25 09:12:31.161975+00', '39', '49') ON CONFLICT DO NOTHING;
INSERT INTO public.questions (id, category_id, content, explanation, image_url, difficulty, question_type, created_at, updated_at, exam_year, question_number) VALUES ('13343b87-69fb-435f-9a03-c8e241c1819f', 'e421604c-b58f-4a5b-a8cc-5c1d81d878d4', '食品の変質に関する記述である。最も適当なのはどれか。1つ選べ。', NULL, NULL, '2', 'multiple_choice', '2025-12-25 09:12:31.161975+00', '2025-12-25 09:12:31.161975+00', '39', '50') ON CONFLICT DO NOTHING;
INSERT INTO public.questions (id, category_id, content, explanation, image_url, difficulty, question_type, created_at, updated_at, exam_year, question_number) VALUES ('a5cd8af7-2ac5-4853-bfb3-87e009e3ef9f', 'e421604c-b58f-4a5b-a8cc-5c1d81d878d4', '自然毒食中毒に関する記述である。最も適当なのはどれか。1つ選べ。', NULL, NULL, '2', 'multiple_choice', '2025-12-25 09:12:31.90921+00', '2025-12-25 09:12:31.90921+00', '39', '51') ON CONFLICT DO NOTHING;
INSERT INTO public.questions (id, category_id, content, explanation, image_url, difficulty, question_type, created_at, updated_at, exam_year, question_number) VALUES ('d098dbf2-7482-4982-92fa-a7b24b6c887a', 'e421604c-b58f-4a5b-a8cc-5c1d81d878d4', '細菌性食中毒及びウイルス性食中毒に関する記述である。 最も適当なのはどれか。1つ選べ。', NULL, NULL, '2', 'multiple_choice', '2025-12-25 09:12:31.90921+00', '2025-12-25 09:12:31.90921+00', '39', '52') ON CONFLICT DO NOTHING;
INSERT INTO public.questions (id, category_id, content, explanation, image_url, difficulty, question_type, created_at, updated_at, exam_year, question_number) VALUES ('54df3f94-4160-4d72-b74e-b52ea4de209c', 'e421604c-b58f-4a5b-a8cc-5c1d81d878d4', '細菌性食中毒の原因菌の学名と主な原因食品の組合せである。 最も適当なのはどれか。1つ選べ。', NULL, NULL, '2', 'multiple_choice', '2025-12-25 09:12:31.90921+00', '2025-12-25 09:12:31.90921+00', '39', '53') ON CONFLICT DO NOTHING;
INSERT INTO public.questions (id, category_id, content, explanation, image_url, difficulty, question_type, created_at, updated_at, exam_year, question_number) VALUES ('81392a3e-328c-4131-b023-f87793759390', 'e421604c-b58f-4a5b-a8cc-5c1d81d878d4', '食品中の有害物質に関する記述である。最も適当なのはどれか。1つ選べ。', NULL, NULL, '2', 'multiple_choice', '2025-12-25 09:12:31.90921+00', '2025-12-25 09:12:31.90921+00', '39', '54') ON CONFLICT DO NOTHING;
INSERT INTO public.questions (id, category_id, content, explanation, image_url, difficulty, question_type, created_at, updated_at, exam_year, question_number) VALUES ('601b36be-4c3b-4730-880e-30986e4d381f', 'e421604c-b58f-4a5b-a8cc-5c1d81d878d4', '食品添加物に関する記述である。最も適当なのはどれか。1つ選べ。', NULL, NULL, '2', 'multiple_choice', '2025-12-25 09:12:31.90921+00', '2025-12-25 09:12:31.90921+00', '39', '55') ON CONFLICT DO NOTHING;
INSERT INTO public.questions (id, category_id, content, explanation, image_url, difficulty, question_type, created_at, updated_at, exam_year, question_number) VALUES ('c70a48c9-f35a-42e5-be10-e9325aece631', 'e421604c-b58f-4a5b-a8cc-5c1d81d878d4', '栄養成分とその分析方法の組合せである。最も適当なのはどれか。1つ選べ。', NULL, NULL, '2', 'multiple_choice', '2025-12-25 09:12:31.90921+00', '2025-12-25 09:12:31.90921+00', '39', '56') ON CONFLICT DO NOTHING;
INSERT INTO public.questions (id, category_id, content, explanation, image_url, difficulty, question_type, created_at, updated_at, exam_year, question_number) VALUES ('c6bb2e3e-4e86-43bc-b657-144734695d87', 'e421604c-b58f-4a5b-a8cc-5c1d81d878d4', '食品表示基準に基づく一般用加工食品の表示に関する記述である。 最も適当なのはどれか。1つ選べ。', NULL, NULL, '2', 'multiple_choice', '2025-12-25 09:12:31.90921+00', '2025-12-25 09:12:31.90921+00', '39', '57') ON CONFLICT DO NOTHING;
INSERT INTO public.questions (id, category_id, content, explanation, image_url, difficulty, question_type, created_at, updated_at, exam_year, question_number) VALUES ('4cc951e3-ba0f-49a9-862a-ee26b4adcfb6', 'e421604c-b58f-4a5b-a8cc-5c1d81d878d4', '栄養機能食品として表示が認められているビタミンと栄養機能表示の組合せであ る。最も適当なのはどれか。1つ選べ。', NULL, NULL, '2', 'multiple_choice', '2025-12-25 09:12:31.90921+00', '2025-12-25 09:12:31.90921+00', '39', '58') ON CONFLICT DO NOTHING;
INSERT INTO public.questions (id, category_id, content, explanation, image_url, difficulty, question_type, created_at, updated_at, exam_year, question_number) VALUES ('09e25c37-5c85-4263-9ccd-f72ffea16280', 'e421604c-b58f-4a5b-a8cc-5c1d81d878d4', '機能性表示食品に関する記述である。誤っているのはどれか。1つ選べ。', NULL, NULL, '2', 'multiple_choice', '2025-12-25 09:12:31.90921+00', '2025-12-25 09:12:31.90921+00', '39', '59') ON CONFLICT DO NOTHING;
INSERT INTO public.questions (id, category_id, content, explanation, image_url, difficulty, question_type, created_at, updated_at, exam_year, question_number) VALUES ('80d26701-afdb-4d09-944d-d9cd3852f205', 'e421604c-b58f-4a5b-a8cc-5c1d81d878d4', '食品の加工法に関する記述である。最も適当なのはどれか。1つ選べ。', NULL, NULL, '2', 'multiple_choice', '2025-12-25 09:12:31.90921+00', '2025-12-25 09:12:31.90921+00', '39', '60') ON CONFLICT DO NOTHING;
INSERT INTO public.options (id, question_id, content, is_correct, "order") VALUES ('6b3a55df-ccd1-4fa2-9014-987f59ccc6ef', '54260d54-7b68-4a2c-a3e9-d8abeb9b7cee', '一次予防は、発症前期において行われる。', 'f', '1') ON CONFLICT DO NOTHING;
INSERT INTO public.options (id, question_id, content, is_correct, "order") VALUES ('88a2d46c-7fe9-4472-ad23-65c643d1ebe8', '54260d54-7b68-4a2c-a3e9-d8abeb9b7cee', '一次予防の例に、がん患者への就労支援がある。', 'f', '2') ON CONFLICT DO NOTHING;
INSERT INTO public.options (id, question_id, content, is_correct, "order") VALUES ('db15cff2-2af1-471b-9e98-236c8baff819', '54260d54-7b68-4a2c-a3e9-d8abeb9b7cee', '二次予防は、感受性期において行われる。', 'f', '3') ON CONFLICT DO NOTHING;
INSERT INTO public.options (id, question_id, content, is_correct, "order") VALUES ('5a36826f-a0d3-412d-a2a8-66c19f749b25', '54260d54-7b68-4a2c-a3e9-d8abeb9b7cee', '二次予防の例に、予防接種がある。', 'f', '4') ON CONFLICT DO NOTHING;
INSERT INTO public.options (id, question_id, content, is_correct, "order") VALUES ('d67a80a2-3dba-4639-bbb6-0167109c10fc', '54260d54-7b68-4a2c-a3e9-d8abeb9b7cee', '三次予防の例に、腎不全患者への人工透析がある。', 't', '5') ON CONFLICT DO NOTHING;
INSERT INTO public.options (id, question_id, content, is_correct, "order") VALUES ('6e22999b-37c9-4533-b367-b2185fc493fa', 'c1d0c438-5860-4b23-997e-c8bbc999bcff', '0. 010', 'f', '1') ON CONFLICT DO NOTHING;
INSERT INTO public.options (id, question_id, content, is_correct, "order") VALUES ('5489d281-3b99-429b-b7e9-71089948575b', 'c1d0c438-5860-4b23-997e-c8bbc999bcff', '0. 020', 'f', '2') ON CONFLICT DO NOTHING;
INSERT INTO public.options (id, question_id, content, is_correct, "order") VALUES ('79ea4bb5-5ab1-4f97-83f0-0b9dab9b548a', 'c1d0c438-5860-4b23-997e-c8bbc999bcff', '0. 050', 'f', '3') ON CONFLICT DO NOTHING;
INSERT INTO public.options (id, question_id, content, is_correct, "order") VALUES ('138ebaa9-b8f8-4522-a240-d72f0fe0ce85', 'c1d0c438-5860-4b23-997e-c8bbc999bcff', '0. 100', 'f', '4') ON CONFLICT DO NOTHING;
INSERT INTO public.options (id, question_id, content, is_correct, "order") VALUES ('8042749c-e8f8-41ed-b94e-5d70a4c90e72', 'c1d0c438-5860-4b23-997e-c8bbc999bcff', '0. 200', 't', '5') ON CONFLICT DO NOTHING;
INSERT INTO public.options (id, question_id, content, is_correct, "order") VALUES ('d576d2f7-06d5-4abc-8392-0aa7e9f8e178', 'da3d8592-0748-4c4e-b063-89c0a157d232', '３年に1回実施されている。', 'f', '1') ON CONFLICT DO NOTHING;
INSERT INTO public.options (id, question_id, content, is_correct, "order") VALUES ('2294dd9c-8f96-4e47-adc9-f2e0bc774b8f', 'da3d8592-0748-4c4e-b063-89c0a157d232', '調査対象は、層化無作為抽出法により選定する。', 'f', '2') ON CONFLICT DO NOTHING;
INSERT INTO public.options (id, question_id, content, is_correct, "order") VALUES ('23dba9c2-4118-4510-9d76-a837db416115', 'da3d8592-0748-4c4e-b063-89c0a157d232', '調査対象は、日本国内に普段住んでいる外国人を含まない。', 'f', '3') ON CONFLICT DO NOTHING;
INSERT INTO public.options (id, question_id, content, is_correct, "order") VALUES ('688cb79a-5b91-4397-8d79-341fd9b7b947', 'da3d8592-0748-4c4e-b063-89c0a157d232', '調査項目は、「医療機関への受診の状況」を含む。', 'f', '4') ON CONFLICT DO NOTHING;
INSERT INTO public.options (id, question_id, content, is_correct, "order") VALUES ('04e71f95-531a-4f5f-a6f8-ce0cef9739fd', 'da3d8592-0748-4c4e-b063-89c0a157d232', '調査結果をもとに、将来人口推計を行う。 1', 't', '5') ON CONFLICT DO NOTHING;
INSERT INTO public.options (id, question_id, content, is_correct, "order") VALUES ('38f66a8e-c348-40fd-8e6c-00601246752b', '647bda88-c6a1-4fb5-969e-a276bde8e9be', 'A 地域の老年人口割合は、B 地域よりも高い。', 'f', '1') ON CONFLICT DO NOTHING;
INSERT INTO public.options (id, question_id, content, is_correct, "order") VALUES ('c010b5a8-55f2-48ff-a91c-1a2dbaa9f626', '647bda88-c6a1-4fb5-969e-a276bde8e9be', 'A 地域の粗死亡率は、B 地域よりも高い。', 'f', '2') ON CONFLICT DO NOTHING;
INSERT INTO public.options (id, question_id, content, is_correct, "order") VALUES ('02d79d88-2c6b-454e-951d-564f45277a30', '647bda88-c6a1-4fb5-969e-a276bde8e9be', 'A 地域の死亡数は、期待死亡数と同じである。', 'f', '3') ON CONFLICT DO NOTHING;
INSERT INTO public.options (id, question_id, content, is_correct, "order") VALUES ('16f9cdbc-0e07-4a4a-933e-5b541f53a63d', '647bda88-c6a1-4fb5-969e-a276bde8e9be', 'A 地域の期待死亡数は、B 地域の期待死亡数よりも多い。', 'f', '4') ON CONFLICT DO NOTHING;
INSERT INTO public.options (id, question_id, content, is_correct, "order") VALUES ('ac674fb4-c8a3-410d-9358-f7e19462213f', '647bda88-c6a1-4fb5-969e-a276bde8e9be', 'A 地域の標準化死亡比は、B 地域の標準化死亡比よりも高い。 表 A地域およびB地域の年齢階級別人口、基準集団の年齢階級別死亡率 年齢階級 A 地域 人口（人） B 地域 人口（人） 基準集団 死亡率（人口1万対） 0～14 歳240,00090,0002 15～64 歳900,000500,00020 合計1,440,000990,000 2', 't', '5') ON CONFLICT DO NOTHING;
INSERT INTO public.options (id, question_id, content, is_correct, "order") VALUES ('0aa61235-2695-4491-8678-1c34d7431df3', 'c0d7aafa-fd93-4ec9-bed1-4fa71fa07107', '敏感度', 'f', '1') ON CONFLICT DO NOTHING;
INSERT INTO public.options (id, question_id, content, is_correct, "order") VALUES ('06e9cb60-7b11-480f-ab01-70c8853d33f5', 'c0d7aafa-fd93-4ec9-bed1-4fa71fa07107', '特異度', 'f', '2') ON CONFLICT DO NOTHING;
INSERT INTO public.options (id, question_id, content, is_correct, "order") VALUES ('36d1e0b7-a2d1-4efd-9daa-5ab9654b7d63', 'c0d7aafa-fd93-4ec9-bed1-4fa71fa07107', '偽陽性率', 'f', '3') ON CONFLICT DO NOTHING;
INSERT INTO public.options (id, question_id, content, is_correct, "order") VALUES ('245fd420-dab6-45ba-b729-71a0a3ef5d42', 'c0d7aafa-fd93-4ec9-bed1-4fa71fa07107', '陽性反応的中度', 't', '4') ON CONFLICT DO NOTHING;
INSERT INTO public.options (id, question_id, content, is_correct, "order") VALUES ('a2f7eee4-55aa-4ee2-b721-ebf9b7fd965b', 'c0d7aafa-fd93-4ec9-bed1-4fa71fa07107', '陰性反応的中度 表 集団Aと集団Bのスクリーニング結果と疾病状況 スクリーニング試験 集団 A集団 B 疾病あり（人）疾病なし（人）疾病あり（人）疾病なし（人） 陽性255025050 陰性545050450', 'f', '5') ON CONFLICT DO NOTHING;
INSERT INTO public.options (id, question_id, content, is_correct, "order") VALUES ('c70a9023-0b7c-4bb0-bf1b-6aca21f44176', 'eff68343-e98e-4b63-b1d6-d3ac0fc8e936', '研究計画書の研究倫理審査は、この食品会社の役員会議で行われる。', 'f', '1') ON CONFLICT DO NOTHING;
INSERT INTO public.options (id, question_id, content, is_correct, "order") VALUES ('21897f25-6513-46e3-80a2-2bcf3185503a', 'eff68343-e98e-4b63-b1d6-d3ac0fc8e936', '委託先の大学の研究者は、研究対象者に研究内容を説明し研究参加の同意を 得る。', 't', '2') ON CONFLICT DO NOTHING;
INSERT INTO public.options (id, question_id, content, is_correct, "order") VALUES ('bfd6c208-0628-49e6-ac4b-3142b53ffdab', 'eff68343-e98e-4b63-b1d6-d3ac0fc8e936', '研究計画は、販売しようとする食品の利潤最大化を最優先に作成する。', 'f', '3') ON CONFLICT DO NOTHING;
INSERT INTO public.options (id, question_id, content, is_correct, "order") VALUES ('8056b80b-9f10-4cf5-b817-fdece3a8df6d', 'eff68343-e98e-4b63-b1d6-d3ac0fc8e936', 'この委託研究に従事しない食品会社の社員は、研究の利益相反を開示する。', 'f', '4') ON CONFLICT DO NOTHING;
INSERT INTO public.options (id, question_id, content, is_correct, "order") VALUES ('31377604-db93-4899-bf7f-6271a9c8905a', 'eff68343-e98e-4b63-b1d6-d3ac0fc8e936', '委託先の大学の研究者は、売り上げ状況のモニタリング調査を行う。 3', 'f', '5') ON CONFLICT DO NOTHING;
INSERT INTO public.options (id, question_id, content, is_correct, "order") VALUES ('67ba87e5-a74e-444b-a177-4ac139d6f24c', 'c16f2e85-e3fc-439f-b594-258b9e0860a2', '健康日本 21（第二次）の最終評価において、「運動習慣者の割合の増加」は「目 標値に達した」と評価された。', 'f', '1') ON CONFLICT DO NOTHING;
INSERT INTO public.options (id, question_id, content, is_correct, "order") VALUES ('007e5385-84d0-4cd3-93c7-01bc1719317e', 'c16f2e85-e3fc-439f-b594-258b9e0860a2', '健康日本 21（第二次）の最終評価において、「生活習慣病のリスクを高める量 を飲酒している者の割合の減少」は「目標値に達した」と評価された。', 'f', '2') ON CONFLICT DO NOTHING;
INSERT INTO public.options (id, question_id, content, is_correct, "order") VALUES ('58b96deb-b7b1-4a54-a220-be5ccbda1e07', 'c16f2e85-e3fc-439f-b594-258b9e0860a2', '健康日本 21（第三次）では、休養・睡眠に関する指標として、具体的な睡眠 時間は設定されていない。', 'f', '3') ON CONFLICT DO NOTHING;
INSERT INTO public.options (id, question_id, content, is_correct, "order") VALUES ('f6ad9592-8986-4819-a941-232fa99f7650', 'c16f2e85-e3fc-439f-b594-258b9e0860a2', '健康づくりのための睡眠ガイド 2023 では、高齢者の床上時間は8時間以上 にならないことが目安とされている。', 't', '4') ON CONFLICT DO NOTHING;
INSERT INTO public.options (id, question_id, content, is_correct, "order") VALUES ('27ffad9e-5ca9-4f10-ada6-d6d7f039b263', 'c16f2e85-e3fc-439f-b594-258b9e0860a2', 'ブリンクマン指数は、「1日の喫煙本数」に「喫煙開始年齢」を乗じた値であ る。', 'f', '5') ON CONFLICT DO NOTHING;
INSERT INTO public.options (id, question_id, content, is_correct, "order") VALUES ('eb6cfe5f-7efc-4a22-97ed-cdb143f6a4bc', '527aefbf-aa0f-44c9-9e91-ba8fa023f26f', '対象者を 18 歳未満、18～64 歳、65 歳以上で区切って、推奨事項が示されて いる。', 'f', '1') ON CONFLICT DO NOTHING;
INSERT INTO public.options (id, question_id, content, is_correct, "order") VALUES ('c02e7894-e4ec-4cc6-939a-27960caddac5', '527aefbf-aa0f-44c9-9e91-ba8fa023f26f', '「座位行動」という概念が取り入れられた。', 't', '2') ON CONFLICT DO NOTHING;
INSERT INTO public.options (id, question_id, content, is_correct, "order") VALUES ('dfec47f0-7df6-4644-8ed0-6f519370b3a0', '527aefbf-aa0f-44c9-9e91-ba8fa023f26f', '「高齢者」の運動として、筋力トレーニングは推奨されていない。', 'f', '3') ON CONFLICT DO NOTHING;
INSERT INTO public.options (id, question_id, content, is_correct, "order") VALUES ('c8e55db0-6fa3-4a4d-a08e-67071317ee20', '527aefbf-aa0f-44c9-9e91-ba8fa023f26f', '「高齢者」の身体活動として、強度は問わず、1日 40 分以上行うことが推奨 されている。', 'f', '4') ON CONFLICT DO NOTHING;
INSERT INTO public.options (id, question_id, content, is_correct, "order") VALUES ('82692e83-6ff1-458f-8988-7eed24437834', '527aefbf-aa0f-44c9-9e91-ba8fa023f26f', '「身体を動かす時間が少ないこども」において推奨されている身体活動の強度 は、5メッツ以上である。 4', 'f', '5') ON CONFLICT DO NOTHING;
INSERT INTO public.options (id, question_id, content, is_correct, "order") VALUES ('a31b2a61-f72f-4940-8d9e-6feaacff5757', '6ee2c855-b424-4c5a-9052-b7421d1da018', 'フッ化物の歯面塗布の主な目的は、歯周病の予防である。', 'f', '1') ON CONFLICT DO NOTHING;
INSERT INTO public.options (id, question_id, content, is_correct, "order") VALUES ('330b282c-8859-4e28-86f9-1999af90f15d', '6ee2c855-b424-4c5a-9052-b7421d1da018', 'シーラントの主な目的は、歯周病の予防である。', 'f', '2') ON CONFLICT DO NOTHING;
INSERT INTO public.options (id, question_id, content, is_correct, "order") VALUES ('cd12670b-5c53-4c7f-ba41-76bbed552358', '6ee2c855-b424-4c5a-9052-b7421d1da018', '糖尿病は、歯周病のリスク因子である。', 't', '3') ON CONFLICT DO NOTHING;
INSERT INTO public.options (id, question_id, content, is_correct, "order") VALUES ('8d4591ec-9d54-40e3-87ac-310072c476a9', '6ee2c855-b424-4c5a-9052-b7421d1da018', '直近5年間の学校保健統計調査によると、小学生におけるむし歯（う歯）の被 患率は、増加傾向である。', 'f', '4') ON CONFLICT DO NOTHING;
INSERT INTO public.options (id, question_id, content, is_correct, "order") VALUES ('eef7089e-0af9-4208-94af-d3f683e6a6a9', '6ee2c855-b424-4c5a-9052-b7421d1da018', '直近5年間の学校保健統計調査によると、中学生における被患率が最も高い のは、むし歯（う歯）である。', 'f', '5') ON CONFLICT DO NOTHING;
INSERT INTO public.options (id, question_id, content, is_correct, "order") VALUES ('8437445c-a2f3-4f7e-bcb6-b5ca6d3513da', '1db20b72-881f-43f0-911a-a6493077e5d3', '胃がん検診の対象年齢は、60 歳以上である。', 'f', '1') ON CONFLICT DO NOTHING;
INSERT INTO public.options (id, question_id, content, is_correct, "order") VALUES ('461a8c11-163e-4b9a-bae7-8b33b7617c4c', '1db20b72-881f-43f0-911a-a6493077e5d3', '子宮頸がん検診の対象年齢は、40 歳以上である。', 'f', '2') ON CONFLICT DO NOTHING;
INSERT INTO public.options (id, question_id, content, is_correct, "order") VALUES ('676ab92e-f002-4226-8f00-7b48df174774', '1db20b72-881f-43f0-911a-a6493077e5d3', '乳がん検診の検査方法として、触診が推奨されている。', 'f', '3') ON CONFLICT DO NOTHING;
INSERT INTO public.options (id, question_id, content, is_correct, "order") VALUES ('d7582039-3b1e-4f71-b808-b287243958e9', '1db20b72-881f-43f0-911a-a6493077e5d3', '大腸がん検診の検査方法として、内視鏡検査が推奨されている。', 'f', '4') ON CONFLICT DO NOTHING;
INSERT INTO public.options (id, question_id, content, is_correct, "order") VALUES ('e0575dee-b49f-4554-bcd0-d429cf68531a', '1db20b72-881f-43f0-911a-a6493077e5d3', '肺がん検診の受診間隔は、1年に1回が推奨されている。', 't', '5') ON CONFLICT DO NOTHING;
INSERT INTO public.options (id, question_id, content, is_correct, "order") VALUES ('ee312173-0a51-49f1-91bc-c3a738cdf2e3', 'a0da28aa-d5bd-4c05-bc6a-5a8f875a73f3', '麻疹', 'f', '1') ON CONFLICT DO NOTHING;
INSERT INTO public.options (id, question_id, content, is_correct, "order") VALUES ('b020f2be-db87-4c3f-a90f-f1c6c7b750c8', 'a0da28aa-d5bd-4c05-bc6a-5a8f875a73f3', '風疹', 'f', '2') ON CONFLICT DO NOTHING;
INSERT INTO public.options (id, question_id, content, is_correct, "order") VALUES ('6eb68a04-b1e2-45d2-aa19-b7d0b169a116', 'a0da28aa-d5bd-4c05-bc6a-5a8f875a73f3', 'ポリオ（急性灰白髄炎）', 'f', '3') ON CONFLICT DO NOTHING;
INSERT INTO public.options (id, question_id, content, is_correct, "order") VALUES ('949667a1-fa63-4f0a-b473-4c0b46abea44', 'a0da28aa-d5bd-4c05-bc6a-5a8f875a73f3', 'マラリア', 't', '4') ON CONFLICT DO NOTHING;
INSERT INTO public.options (id, question_id, content, is_correct, "order") VALUES ('4af703db-6c0b-4434-8c75-5a4a0e261b5b', 'a0da28aa-d5bd-4c05-bc6a-5a8f875a73f3', 'B 型肝炎 5', 'f', '5') ON CONFLICT DO NOTHING;
INSERT INTO public.options (id, question_id, content, is_correct, "order") VALUES ('c82a5775-56c4-4475-af26-e5bd24c3867a', 'ed9dca4f-debf-444a-b798-b9e907a23eb0', '発病の機構が明らかでない。', 'f', '1') ON CONFLICT DO NOTHING;
INSERT INTO public.options (id, question_id, content, is_correct, "order") VALUES ('e56d7178-bd0f-4428-8f30-57d235f67c8a', 'ed9dca4f-debf-444a-b798-b9e907a23eb0', '治療方法が確立していない。', 'f', '2') ON CONFLICT DO NOTHING;
INSERT INTO public.options (id, question_id, content, is_correct, "order") VALUES ('7624cb2e-9806-4e3d-a515-bd61403a7268', 'ed9dca4f-debf-444a-b798-b9e907a23eb0', '希少な疾病である。', 'f', '3') ON CONFLICT DO NOTHING;
INSERT INTO public.options (id, question_id, content, is_correct, "order") VALUES ('905e09e1-9ee2-42b8-b047-c00797662ec3', 'ed9dca4f-debf-444a-b798-b9e907a23eb0', '致命率が高い。', 't', '4') ON CONFLICT DO NOTHING;
INSERT INTO public.options (id, question_id, content, is_correct, "order") VALUES ('08749d14-b08b-4ac9-aef0-67c918a9f20d', 'ed9dca4f-debf-444a-b798-b9e907a23eb0', '長期にわたり療養を必要とする。', 'f', '5') ON CONFLICT DO NOTHING;
INSERT INTO public.options (id, question_id, content, is_correct, "order") VALUES ('fe0b07af-d4a6-4bfa-b340-4b53bd9eeabb', '738d6595-8e7c-43b7-83ac-74966451bbfc', '社会保険', 'f', '1') ON CONFLICT DO NOTHING;
INSERT INTO public.options (id, question_id, content, is_correct, "order") VALUES ('95dd94ca-33c0-4986-ad23-508c443c57c7', '738d6595-8e7c-43b7-83ac-74966451bbfc', '恩給', 'f', '2') ON CONFLICT DO NOTHING;
INSERT INTO public.options (id, question_id, content, is_correct, "order") VALUES ('de3d3645-349e-44c4-8ac1-fa53c3effd3a', '738d6595-8e7c-43b7-83ac-74966451bbfc', '公的扶助', 't', '3') ON CONFLICT DO NOTHING;
INSERT INTO public.options (id, question_id, content, is_correct, "order") VALUES ('0a0f0852-b2b6-4daf-97fa-34f64466f625', '738d6595-8e7c-43b7-83ac-74966451bbfc', '保健医療・公衆衛生', 'f', '4') ON CONFLICT DO NOTHING;
INSERT INTO public.options (id, question_id, content, is_correct, "order") VALUES ('3c1c739a-e557-4c88-a55e-39b063bde60a', '738d6595-8e7c-43b7-83ac-74966451bbfc', '社会福祉', 'f', '5') ON CONFLICT DO NOTHING;
INSERT INTO public.options (id, question_id, content, is_correct, "order") VALUES ('45811dc4-2f9a-4e1d-a918-55f499f429f4', '5db3c62a-3baa-40a1-8320-7e91a680fa24', '市町村は、設置しなければならない。', 'f', '1') ON CONFLICT DO NOTHING;
INSERT INTO public.options (id, question_id, content, is_correct, "order") VALUES ('5556461b-8a32-42cd-8ec7-df188618ff64', '5db3c62a-3baa-40a1-8320-7e91a680fa24', 'センター長は、原則として医師でなければならない。', 'f', '2') ON CONFLICT DO NOTHING;
INSERT INTO public.options (id, question_id, content, is_correct, "order") VALUES ('b3da9e1c-35f1-4085-bf35-30353a579c7b', '5db3c62a-3baa-40a1-8320-7e91a680fa24', '食品衛生の監視を行う。', 'f', '3') ON CONFLICT DO NOTHING;
INSERT INTO public.options (id, question_id, content, is_correct, "order") VALUES ('6347992b-d734-4adc-85cc-d9ea44383c5d', '5db3c62a-3baa-40a1-8320-7e91a680fa24', '住民の健康相談を担う。', 't', '4') ON CONFLICT DO NOTHING;
INSERT INTO public.options (id, question_id, content, is_correct, "order") VALUES ('e7b364af-7264-4ea3-a2bc-e3b71687bc62', '5db3c62a-3baa-40a1-8320-7e91a680fa24', '地域における健康危機管理の拠点となる。 6', 'f', '5') ON CONFLICT DO NOTHING;
INSERT INTO public.options (id, question_id, content, is_correct, "order") VALUES ('d9914da1-b599-428a-8b17-929cf5c7cff0', '9c0e9b3b-a83e-454a-a8ca-f0b0e1f7cee8', '根拠法は、健康増進法である。', 'f', '1') ON CONFLICT DO NOTHING;
INSERT INTO public.options (id, question_id, content, is_correct, "order") VALUES ('12b67b49-c367-4305-ace2-22bc04419236', '9c0e9b3b-a83e-454a-a8ca-f0b0e1f7cee8', '75 歳以上の被保険者は、対象とならない。', 't', '2') ON CONFLICT DO NOTHING;
INSERT INTO public.options (id, question_id, content, is_correct, "order") VALUES ('c8c8d970-c46c-439c-9ad3-09b1e65760bd', '9c0e9b3b-a83e-454a-a8ca-f0b0e1f7cee8', '保険者は、降圧薬を服薬中の者を、特定保健指導の対象としなければならな い。', 'f', '3') ON CONFLICT DO NOTHING;
INSERT INTO public.options (id, question_id, content, is_correct, "order") VALUES ('47238218-1383-4227-907b-c3e4022d5125', '9c0e9b3b-a83e-454a-a8ca-f0b0e1f7cee8', '採血は、空腹時に限定されている。', 'f', '4') ON CONFLICT DO NOTHING;
INSERT INTO public.options (id, question_id, content, is_correct, "order") VALUES ('6160555f-6ddf-4f7f-a6d3-edb60db264c3', '9c0e9b3b-a83e-454a-a8ca-f0b0e1f7cee8', '腹囲が 90 cm で喫煙習慣がある 50 歳男性の場合、1つの追加リスクがある と動機付け支援の対象となる。', 'f', '5') ON CONFLICT DO NOTHING;
INSERT INTO public.options (id, question_id, content, is_correct, "order") VALUES ('f91260f6-737d-4f01-be69-6fac1cbb2a17', '83345644-10be-4680-a7ea-b9a9001cb528', '直近の国民生活基礎調査（大規模調査年）によると、要介護者となった原因と して最も多いのは、年齢にかかわらず脳卒中である。', 'f', '1') ON CONFLICT DO NOTHING;
INSERT INTO public.options (id, question_id, content, is_correct, "order") VALUES ('8f12d173-94ce-461d-974e-3316888205cf', '83345644-10be-4680-a7ea-b9a9001cb528', '介護保険制度における保険給付の財源は、全額が被保険者から徴収した保険 料である。', 'f', '2') ON CONFLICT DO NOTHING;
INSERT INTO public.options (id, question_id, content, is_correct, "order") VALUES ('91f09e10-d624-4daa-9c7e-96ae4dcec7b7', '83345644-10be-4680-a7ea-b9a9001cb528', '介護保険制度における予防給付サービスは、要介護者が対象である。', 'f', '3') ON CONFLICT DO NOTHING;
INSERT INTO public.options (id, question_id, content, is_correct, "order") VALUES ('e2810e4d-9333-4d88-b9b0-d00250123d06', '83345644-10be-4680-a7ea-b9a9001cb528', '介護老人保健施設では、医学的管理は行われない。', 'f', '4') ON CONFLICT DO NOTHING;
INSERT INTO public.options (id, question_id, content, is_correct, "order") VALUES ('fbfb5f15-9023-45de-a089-c9d8fb4c7685', '83345644-10be-4680-a7ea-b9a9001cb528', '地域包括支援センターの業務には、権利擁護に関する業務が含まれている。', 't', '5') ON CONFLICT DO NOTHING;
INSERT INTO public.options (id, question_id, content, is_correct, "order") VALUES ('13ab1136-9411-4f1d-b29a-e79e70ef0b2c', '09868cfe-c3dd-4130-8f95-4abccc183334', '血小板には、核が存在する。', 'f', '1') ON CONFLICT DO NOTHING;
INSERT INTO public.options (id, question_id, content, is_correct, "order") VALUES ('5415da14-480e-4930-aabf-7a3930c885a8', '09868cfe-c3dd-4130-8f95-4abccc183334', '細胞外のナトリウムイオン濃度は、細胞内より低い。', 'f', '2') ON CONFLICT DO NOTHING;
INSERT INTO public.options (id, question_id, content, is_correct, "order") VALUES ('46f17a1e-a320-4801-8173-e7cc86ee228d', '09868cfe-c3dd-4130-8f95-4abccc183334', '全ての細胞は、1つの受精卵から発生する。', 't', '3') ON CONFLICT DO NOTHING;
INSERT INTO public.options (id, question_id, content, is_correct, "order") VALUES ('b41290f0-4089-49c3-b2c9-ea889711e679', '09868cfe-c3dd-4130-8f95-4abccc183334', '細胞周期の S 期では、染色体が形成される。', 'f', '4') ON CONFLICT DO NOTHING;
INSERT INTO public.options (id, question_id, content, is_correct, "order") VALUES ('89a24bcb-e982-41ff-8731-65b6c661a8d0', '09868cfe-c3dd-4130-8f95-4abccc183334', 'マクロファージは、リンパ球から分化する。 7', 'f', '5') ON CONFLICT DO NOTHING;
INSERT INTO public.options (id, question_id, content, is_correct, "order") VALUES ('beb73bab-b671-42ae-bccc-d1085fbd78fd', '3623d8f1-fc81-4dc7-af6e-23385e7579c2', 'アミノ酸は、両性化合物である。', 't', '1') ON CONFLICT DO NOTHING;
INSERT INTO public.options (id, question_id, content, is_correct, "order") VALUES ('d8c4bc47-e0aa-4285-ae4e-7f9406ac781f', '3623d8f1-fc81-4dc7-af6e-23385e7579c2', 'たんぱく質の二次構造は、ジスルフィド結合により形成される。', 'f', '2') ON CONFLICT DO NOTHING;
INSERT INTO public.options (id, question_id, content, is_correct, "order") VALUES ('98c2dd12-e995-499b-be27-2a49d930fd97', '3623d8f1-fc81-4dc7-af6e-23385e7579c2', 'たんぱく質は、プロテアソームにより折りたたまれる。', 'f', '3') ON CONFLICT DO NOTHING;
INSERT INTO public.options (id, question_id, content, is_correct, "order") VALUES ('e246f8e3-888e-415a-a8a5-0f64ee9e470e', '3623d8f1-fc81-4dc7-af6e-23385e7579c2', 'フルクトースは、アルデヒド基をもつ。', 'f', '4') ON CONFLICT DO NOTHING;
INSERT INTO public.options (id, question_id, content, is_correct, "order") VALUES ('8a295952-7e39-48e2-8203-ee11f9657dd9', '3623d8f1-fc81-4dc7-af6e-23385e7579c2', 'でんぷんは、β ─ 1,4 グリコシド結合をもつ。', 'f', '5') ON CONFLICT DO NOTHING;
INSERT INTO public.options (id, question_id, content, is_correct, "order") VALUES ('4f19e38b-dddf-4f13-a5db-3b7c96e7c0a4', '203ce4e0-53b0-4375-a37d-062cc521296a', 'AMP は、分子内に高エネルギー結合をもつ。', 'f', '1') ON CONFLICT DO NOTHING;
INSERT INTO public.options (id, question_id, content, is_correct, "order") VALUES ('f009adab-2680-47e0-8fff-bbac95fc0fe1', '203ce4e0-53b0-4375-a37d-062cc521296a', 'ホスホエノールピルビン酸は、高エネルギー化合物である。', 't', '2') ON CONFLICT DO NOTHING;
INSERT INTO public.options (id, question_id, content, is_correct, "order") VALUES ('e01f12da-7442-4199-9989-8eba05c20ae8', '203ce4e0-53b0-4375-a37d-062cc521296a', '電子伝達系は、ミトコンドリアの外膜にある。', 'f', '3') ON CONFLICT DO NOTHING;
INSERT INTO public.options (id, question_id, content, is_correct, "order") VALUES ('d03a88da-494c-4b4e-9d27-10b933516dec', '203ce4e0-53b0-4375-a37d-062cc521296a', '電子伝達系の電子受容体は、窒素分子である。', 'f', '4') ON CONFLICT DO NOTHING;
INSERT INTO public.options (id, question_id, content, is_correct, "order") VALUES ('ca95f643-d528-4d9d-8652-aff135cf5764', '203ce4e0-53b0-4375-a37d-062cc521296a', '脱共役たんぱく質（UCP）による熱産生は、ATP の合成を伴う。', 'f', '5') ON CONFLICT DO NOTHING;
INSERT INTO public.options (id, question_id, content, is_correct, "order") VALUES ('9c6ac0c7-59b3-435a-a60f-7177be7191f6', '14dbf186-0887-4b9f-a4a6-855f693ac19f', 'ビタミン B 1 は、アミノ基転移反応の補酵素である。', 'f', '1') ON CONFLICT DO NOTHING;
INSERT INTO public.options (id, question_id, content, is_correct, "order") VALUES ('b5b454ae-84bf-4c82-b41f-2c3f820fb4ff', '14dbf186-0887-4b9f-a4a6-855f693ac19f', '尿素回路は、腎臓に存在する。', 'f', '2') ON CONFLICT DO NOTHING;
INSERT INTO public.options (id, question_id, content, is_correct, "order") VALUES ('bdd94bc9-034a-432b-9d83-74b3c0298911', '14dbf186-0887-4b9f-a4a6-855f693ac19f', 'セロトニンは、トリプトファンから合成される。', 't', '3') ON CONFLICT DO NOTHING;
INSERT INTO public.options (id, question_id, content, is_correct, "order") VALUES ('03cad647-bf10-4291-83e9-cdcc5d30db42', '14dbf186-0887-4b9f-a4a6-855f693ac19f', '糖新生は、小胞体で行われる。', 'f', '4') ON CONFLICT DO NOTHING;
INSERT INTO public.options (id, question_id, content, is_correct, "order") VALUES ('5db241fd-27cf-4782-8d8b-c570b03e9ff6', '14dbf186-0887-4b9f-a4a6-855f693ac19f', '脂肪酸の合成は、ミトコンドリアで行われる。 8', 'f', '5') ON CONFLICT DO NOTHING;
INSERT INTO public.options (id, question_id, content, is_correct, "order") VALUES ('09d9510f-95ed-4ce6-973a-284a8fbacd22', '4191e2e7-5081-4591-bde1-20b34401158a', '一次予防は、発症前期において行われる。', 'f', '1') ON CONFLICT DO NOTHING;
INSERT INTO public.options (id, question_id, content, is_correct, "order") VALUES ('89d27fb6-8118-4311-b240-41df26ec8a00', '4191e2e7-5081-4591-bde1-20b34401158a', '一次予防の例に、がん患者への就労支援がある。', 'f', '2') ON CONFLICT DO NOTHING;
INSERT INTO public.options (id, question_id, content, is_correct, "order") VALUES ('ddbbcdf9-80e9-4c91-b736-a77e314364f3', '4191e2e7-5081-4591-bde1-20b34401158a', '二次予防は、感受性期において行われる。', 'f', '3') ON CONFLICT DO NOTHING;
INSERT INTO public.options (id, question_id, content, is_correct, "order") VALUES ('2c1dd852-4916-4479-aea8-5c23bc20209a', '4191e2e7-5081-4591-bde1-20b34401158a', '二次予防の例に、予防接種がある。', 'f', '4') ON CONFLICT DO NOTHING;
INSERT INTO public.options (id, question_id, content, is_correct, "order") VALUES ('9d34ec66-52f3-4825-b028-e17660bdc0cc', '4191e2e7-5081-4591-bde1-20b34401158a', '三次予防の例に、腎不全患者への人工透析がある。', 't', '5') ON CONFLICT DO NOTHING;
INSERT INTO public.options (id, question_id, content, is_correct, "order") VALUES ('672923bd-63d5-498a-8018-dfb79f5f1a4c', 'b20abc83-bf36-4c4e-a8a1-899a26ccc474', '0. 010', 'f', '1') ON CONFLICT DO NOTHING;
INSERT INTO public.options (id, question_id, content, is_correct, "order") VALUES ('e90a4685-7d99-4b0e-b596-a058e5520210', 'b20abc83-bf36-4c4e-a8a1-899a26ccc474', '0. 020', 'f', '2') ON CONFLICT DO NOTHING;
INSERT INTO public.options (id, question_id, content, is_correct, "order") VALUES ('5d13d768-c99f-4796-9a3b-56a60f287d05', 'b20abc83-bf36-4c4e-a8a1-899a26ccc474', '0. 050', 'f', '3') ON CONFLICT DO NOTHING;
INSERT INTO public.options (id, question_id, content, is_correct, "order") VALUES ('556ec931-9370-404c-9de6-1d0b9cdcd206', 'b20abc83-bf36-4c4e-a8a1-899a26ccc474', '0. 100', 'f', '4') ON CONFLICT DO NOTHING;
INSERT INTO public.options (id, question_id, content, is_correct, "order") VALUES ('6dbfda54-17a0-4f0c-b912-e5da174d1dc7', 'b20abc83-bf36-4c4e-a8a1-899a26ccc474', '0. 200', 't', '5') ON CONFLICT DO NOTHING;
INSERT INTO public.options (id, question_id, content, is_correct, "order") VALUES ('f8790cda-1470-4225-8fb2-e7f50a376d68', '4f7452b1-3b4a-4dc6-a444-6fdf0c615bba', '３年に1回実施されている。', 'f', '1') ON CONFLICT DO NOTHING;
INSERT INTO public.options (id, question_id, content, is_correct, "order") VALUES ('332c68fd-b248-40fe-bffc-ba2c82a9d8f3', '4f7452b1-3b4a-4dc6-a444-6fdf0c615bba', '調査対象は、層化無作為抽出法により選定する。', 'f', '2') ON CONFLICT DO NOTHING;
INSERT INTO public.options (id, question_id, content, is_correct, "order") VALUES ('dee7bbbe-9a30-4874-8f78-391ce1de79b1', '4f7452b1-3b4a-4dc6-a444-6fdf0c615bba', '調査対象は、日本国内に普段住んでいる外国人を含まない。', 'f', '3') ON CONFLICT DO NOTHING;
INSERT INTO public.options (id, question_id, content, is_correct, "order") VALUES ('e1f6f404-a945-4689-b734-7652414c2477', '4f7452b1-3b4a-4dc6-a444-6fdf0c615bba', '調査項目は、「医療機関への受診の状況」を含む。', 'f', '4') ON CONFLICT DO NOTHING;
INSERT INTO public.options (id, question_id, content, is_correct, "order") VALUES ('14991fc2-9c8c-410c-8862-0189ad1375a9', '4f7452b1-3b4a-4dc6-a444-6fdf0c615bba', '調査結果をもとに、将来人口推計を行う。 1', 't', '5') ON CONFLICT DO NOTHING;
INSERT INTO public.options (id, question_id, content, is_correct, "order") VALUES ('d6e90a26-b281-4a46-a36b-6d4426e40721', '1bfcf8d2-79a8-4496-b3c1-afc8a985b27e', 'A 地域の老年人口割合は、B 地域よりも高い。', 'f', '1') ON CONFLICT DO NOTHING;
INSERT INTO public.options (id, question_id, content, is_correct, "order") VALUES ('af5e8292-1919-427e-a82d-b7ba89f3a4bb', '1bfcf8d2-79a8-4496-b3c1-afc8a985b27e', 'A 地域の粗死亡率は、B 地域よりも高い。', 'f', '2') ON CONFLICT DO NOTHING;
INSERT INTO public.options (id, question_id, content, is_correct, "order") VALUES ('228adc99-4875-431f-a99f-2fa03401a462', '1bfcf8d2-79a8-4496-b3c1-afc8a985b27e', 'A 地域の死亡数は、期待死亡数と同じである。', 'f', '3') ON CONFLICT DO NOTHING;
INSERT INTO public.options (id, question_id, content, is_correct, "order") VALUES ('0f111063-8ab5-48a9-bd88-f7f2fe5af9b5', '1bfcf8d2-79a8-4496-b3c1-afc8a985b27e', 'A 地域の期待死亡数は、B 地域の期待死亡数よりも多い。', 'f', '4') ON CONFLICT DO NOTHING;
INSERT INTO public.options (id, question_id, content, is_correct, "order") VALUES ('89f6bf5c-de46-4123-a99f-17411fd209dd', '1bfcf8d2-79a8-4496-b3c1-afc8a985b27e', 'A 地域の標準化死亡比は、B 地域の標準化死亡比よりも高い。 表 A地域およびB地域の年齢階級別人口、基準集団の年齢階級別死亡率 年齢階級 A 地域 人口（人） B 地域 人口（人） 基準集団 死亡率（人口1万対） 0～14 歳240,00090,0002 15～64 歳900,000500,00020 合計1,440,000990,000 2', 't', '5') ON CONFLICT DO NOTHING;
INSERT INTO public.options (id, question_id, content, is_correct, "order") VALUES ('e1b24b84-85fe-480d-a8e6-b5de828bab8f', 'c52411af-37aa-42c4-aaa2-97e25d035aa0', '敏感度', 'f', '1') ON CONFLICT DO NOTHING;
INSERT INTO public.options (id, question_id, content, is_correct, "order") VALUES ('532c7f44-f379-4aff-92fd-435b09a64748', 'c52411af-37aa-42c4-aaa2-97e25d035aa0', '特異度', 'f', '2') ON CONFLICT DO NOTHING;
INSERT INTO public.options (id, question_id, content, is_correct, "order") VALUES ('f2aa4e9d-8263-4fd6-b82e-1f5e319bc5fd', 'c52411af-37aa-42c4-aaa2-97e25d035aa0', '偽陽性率', 'f', '3') ON CONFLICT DO NOTHING;
INSERT INTO public.options (id, question_id, content, is_correct, "order") VALUES ('c1ac302f-e4fd-4ef5-967a-10bb6f20dcf3', 'c52411af-37aa-42c4-aaa2-97e25d035aa0', '陽性反応的中度', 't', '4') ON CONFLICT DO NOTHING;
INSERT INTO public.options (id, question_id, content, is_correct, "order") VALUES ('e29082b3-9d14-4d07-b1a2-25de973ada42', 'c52411af-37aa-42c4-aaa2-97e25d035aa0', '陰性反応的中度 表 集団Aと集団Bのスクリーニング結果と疾病状況 スクリーニング試験 集団 A集団 B 疾病あり（人）疾病なし（人）疾病あり（人）疾病なし（人） 陽性255025050 陰性545050450', 'f', '5') ON CONFLICT DO NOTHING;
INSERT INTO public.options (id, question_id, content, is_correct, "order") VALUES ('731ae430-0b2c-498b-8754-37cd877dbc5f', 'b047b4a4-887c-4dbc-987a-d91e88b838fa', '研究計画書の研究倫理審査は、この食品会社の役員会議で行われる。', 'f', '1') ON CONFLICT DO NOTHING;
INSERT INTO public.options (id, question_id, content, is_correct, "order") VALUES ('2dbb6c9b-0867-4932-98e1-3c6e4d0ec7fd', 'b047b4a4-887c-4dbc-987a-d91e88b838fa', '委託先の大学の研究者は、研究対象者に研究内容を説明し研究参加の同意を 得る。', 't', '2') ON CONFLICT DO NOTHING;
INSERT INTO public.options (id, question_id, content, is_correct, "order") VALUES ('98c6afb7-1e6f-4043-8c63-58477baa0cf0', 'b047b4a4-887c-4dbc-987a-d91e88b838fa', '研究計画は、販売しようとする食品の利潤最大化を最優先に作成する。', 'f', '3') ON CONFLICT DO NOTHING;
INSERT INTO public.options (id, question_id, content, is_correct, "order") VALUES ('f864c2f2-e886-40b2-90e3-a0fbbe761246', 'b047b4a4-887c-4dbc-987a-d91e88b838fa', 'この委託研究に従事しない食品会社の社員は、研究の利益相反を開示する。', 'f', '4') ON CONFLICT DO NOTHING;
INSERT INTO public.options (id, question_id, content, is_correct, "order") VALUES ('a9c6bfdc-f4f4-491f-9ce5-8d69282aeb44', 'b047b4a4-887c-4dbc-987a-d91e88b838fa', '委託先の大学の研究者は、売り上げ状況のモニタリング調査を行う。 3', 'f', '5') ON CONFLICT DO NOTHING;
INSERT INTO public.options (id, question_id, content, is_correct, "order") VALUES ('de30f0b1-08fc-4c2f-9d06-f0711cc10767', 'ffcf4e4f-ce6c-4bb9-9e58-ec5d5f6a40c6', '健康日本 21（第二次）の最終評価において、「運動習慣者の割合の増加」は「目 標値に達した」と評価された。', 'f', '1') ON CONFLICT DO NOTHING;
INSERT INTO public.options (id, question_id, content, is_correct, "order") VALUES ('41e0867f-4425-4fe7-99cb-3bb2a35f8371', 'ffcf4e4f-ce6c-4bb9-9e58-ec5d5f6a40c6', '健康日本 21（第二次）の最終評価において、「生活習慣病のリスクを高める量 を飲酒している者の割合の減少」は「目標値に達した」と評価された。', 'f', '2') ON CONFLICT DO NOTHING;
INSERT INTO public.options (id, question_id, content, is_correct, "order") VALUES ('fe2b9959-5696-452d-9145-f26429d913fb', 'ffcf4e4f-ce6c-4bb9-9e58-ec5d5f6a40c6', '健康日本 21（第三次）では、休養・睡眠に関する指標として、具体的な睡眠 時間は設定されていない。', 'f', '3') ON CONFLICT DO NOTHING;
INSERT INTO public.options (id, question_id, content, is_correct, "order") VALUES ('ea46585d-7f94-4da3-935a-8d04ba494042', 'ffcf4e4f-ce6c-4bb9-9e58-ec5d5f6a40c6', '健康づくりのための睡眠ガイド 2023 では、高齢者の床上時間は8時間以上 にならないことが目安とされている。', 't', '4') ON CONFLICT DO NOTHING;
INSERT INTO public.options (id, question_id, content, is_correct, "order") VALUES ('7ccf154e-cf44-4337-b780-7df8cbc52b50', 'ffcf4e4f-ce6c-4bb9-9e58-ec5d5f6a40c6', 'ブリンクマン指数は、「1日の喫煙本数」に「喫煙開始年齢」を乗じた値であ る。', 'f', '5') ON CONFLICT DO NOTHING;
INSERT INTO public.options (id, question_id, content, is_correct, "order") VALUES ('88e3e9ab-c4cc-46c3-99a2-29b9415f0b91', 'da76dc57-a0ea-44de-9b6d-fdc4d0c39d14', '対象者を 18 歳未満、18～64 歳、65 歳以上で区切って、推奨事項が示されて いる。', 'f', '1') ON CONFLICT DO NOTHING;
INSERT INTO public.options (id, question_id, content, is_correct, "order") VALUES ('2227ccef-5943-4f8b-b83c-32ffb645d2e5', 'da76dc57-a0ea-44de-9b6d-fdc4d0c39d14', '「座位行動」という概念が取り入れられた。', 't', '2') ON CONFLICT DO NOTHING;
INSERT INTO public.options (id, question_id, content, is_correct, "order") VALUES ('a628e01a-1a89-4beb-87da-48fec1e2f1ca', 'da76dc57-a0ea-44de-9b6d-fdc4d0c39d14', '「高齢者」の運動として、筋力トレーニングは推奨されていない。', 'f', '3') ON CONFLICT DO NOTHING;
INSERT INTO public.options (id, question_id, content, is_correct, "order") VALUES ('568d9d85-c758-49bc-9382-c268ab5423fd', 'da76dc57-a0ea-44de-9b6d-fdc4d0c39d14', '「高齢者」の身体活動として、強度は問わず、1日 40 分以上行うことが推奨 されている。', 'f', '4') ON CONFLICT DO NOTHING;
INSERT INTO public.options (id, question_id, content, is_correct, "order") VALUES ('5746e082-de93-4ea2-b25b-99b08b065d66', 'da76dc57-a0ea-44de-9b6d-fdc4d0c39d14', '「身体を動かす時間が少ないこども」において推奨されている身体活動の強度 は、5メッツ以上である。 4', 'f', '5') ON CONFLICT DO NOTHING;
INSERT INTO public.options (id, question_id, content, is_correct, "order") VALUES ('9e9c551d-777f-4749-a8f6-d088ae21d7a4', '202c6f1e-85de-4e47-97a9-6b2a5bdb8f79', 'フッ化物の歯面塗布の主な目的は、歯周病の予防である。', 'f', '1') ON CONFLICT DO NOTHING;
INSERT INTO public.options (id, question_id, content, is_correct, "order") VALUES ('09db9a92-5556-462a-b4bd-810a3ffaa04f', '202c6f1e-85de-4e47-97a9-6b2a5bdb8f79', 'シーラントの主な目的は、歯周病の予防である。', 'f', '2') ON CONFLICT DO NOTHING;
INSERT INTO public.options (id, question_id, content, is_correct, "order") VALUES ('23b28483-05cf-4bfd-9b1e-175b1e9b4b7e', '202c6f1e-85de-4e47-97a9-6b2a5bdb8f79', '糖尿病は、歯周病のリスク因子である。', 't', '3') ON CONFLICT DO NOTHING;
INSERT INTO public.options (id, question_id, content, is_correct, "order") VALUES ('6202273e-e86b-480d-a9bd-87c1f3bdd638', '202c6f1e-85de-4e47-97a9-6b2a5bdb8f79', '直近5年間の学校保健統計調査によると、小学生におけるむし歯（う歯）の被 患率は、増加傾向である。', 'f', '4') ON CONFLICT DO NOTHING;
INSERT INTO public.options (id, question_id, content, is_correct, "order") VALUES ('20c917da-abc2-4df7-b6fa-70d2e96a6954', '202c6f1e-85de-4e47-97a9-6b2a5bdb8f79', '直近5年間の学校保健統計調査によると、中学生における被患率が最も高い のは、むし歯（う歯）である。', 'f', '5') ON CONFLICT DO NOTHING;
INSERT INTO public.options (id, question_id, content, is_correct, "order") VALUES ('e39db713-3379-4209-a7fa-a4d08018668f', '3d759f34-f5d3-494d-be2a-0add50158a1b', '胃がん検診の対象年齢は、60 歳以上である。', 'f', '1') ON CONFLICT DO NOTHING;
INSERT INTO public.options (id, question_id, content, is_correct, "order") VALUES ('b4879b3f-ecf7-4f90-a790-2dd9961c5f78', '3d759f34-f5d3-494d-be2a-0add50158a1b', '子宮頸がん検診の対象年齢は、40 歳以上である。', 'f', '2') ON CONFLICT DO NOTHING;
INSERT INTO public.options (id, question_id, content, is_correct, "order") VALUES ('b9924759-5a13-4d1d-bb4b-7d64d5efa3b0', '3d759f34-f5d3-494d-be2a-0add50158a1b', '乳がん検診の検査方法として、触診が推奨されている。', 'f', '3') ON CONFLICT DO NOTHING;
INSERT INTO public.options (id, question_id, content, is_correct, "order") VALUES ('1b2bb77c-a49e-4c52-845d-073dd4559927', '3d759f34-f5d3-494d-be2a-0add50158a1b', '大腸がん検診の検査方法として、内視鏡検査が推奨されている。', 'f', '4') ON CONFLICT DO NOTHING;
INSERT INTO public.options (id, question_id, content, is_correct, "order") VALUES ('c63f56ac-e333-48cc-bffc-da2ab9102106', '3d759f34-f5d3-494d-be2a-0add50158a1b', '肺がん検診の受診間隔は、1年に1回が推奨されている。', 't', '5') ON CONFLICT DO NOTHING;
INSERT INTO public.options (id, question_id, content, is_correct, "order") VALUES ('29d8f47a-264a-4056-a6d4-90ab83167ac6', '81a76e5c-c830-4d40-b14c-c9beb00d5ce8', '麻疹', 'f', '1') ON CONFLICT DO NOTHING;
INSERT INTO public.options (id, question_id, content, is_correct, "order") VALUES ('f5ec4563-d3ed-4fd8-b911-a6558aaa6f55', '81a76e5c-c830-4d40-b14c-c9beb00d5ce8', '風疹', 'f', '2') ON CONFLICT DO NOTHING;
INSERT INTO public.options (id, question_id, content, is_correct, "order") VALUES ('7c6fc6af-43f3-4b58-8fec-ebdb1660c135', '81a76e5c-c830-4d40-b14c-c9beb00d5ce8', 'ポリオ（急性灰白髄炎）', 'f', '3') ON CONFLICT DO NOTHING;
INSERT INTO public.options (id, question_id, content, is_correct, "order") VALUES ('56812089-6fa0-4422-b76b-d067d40677da', '81a76e5c-c830-4d40-b14c-c9beb00d5ce8', 'マラリア', 't', '4') ON CONFLICT DO NOTHING;
INSERT INTO public.options (id, question_id, content, is_correct, "order") VALUES ('f4c9fdb6-1fd1-4bfb-87ab-0d16fe60b0f7', '81a76e5c-c830-4d40-b14c-c9beb00d5ce8', 'B 型肝炎 5', 'f', '5') ON CONFLICT DO NOTHING;
INSERT INTO public.options (id, question_id, content, is_correct, "order") VALUES ('55ea0382-3159-403a-a5fe-7aaa2afd87ad', '715abb18-5fce-4563-8f87-f52d3b19043a', '発病の機構が明らかでない。', 'f', '1') ON CONFLICT DO NOTHING;
INSERT INTO public.options (id, question_id, content, is_correct, "order") VALUES ('946351e1-5b8f-4076-94a2-b91be1c3e9a9', '715abb18-5fce-4563-8f87-f52d3b19043a', '治療方法が確立していない。', 'f', '2') ON CONFLICT DO NOTHING;
INSERT INTO public.options (id, question_id, content, is_correct, "order") VALUES ('e5bba10f-9131-4c42-a81c-892cbab882fb', '715abb18-5fce-4563-8f87-f52d3b19043a', '希少な疾病である。', 'f', '3') ON CONFLICT DO NOTHING;
INSERT INTO public.options (id, question_id, content, is_correct, "order") VALUES ('9a633a3d-c107-4690-9ebf-7b05701c1166', '715abb18-5fce-4563-8f87-f52d3b19043a', '致命率が高い。', 't', '4') ON CONFLICT DO NOTHING;
INSERT INTO public.options (id, question_id, content, is_correct, "order") VALUES ('0065563d-f5cc-4f76-92d3-0056ef5f81d9', '715abb18-5fce-4563-8f87-f52d3b19043a', '長期にわたり療養を必要とする。', 'f', '5') ON CONFLICT DO NOTHING;
INSERT INTO public.options (id, question_id, content, is_correct, "order") VALUES ('d547afe6-12b6-4960-9bbf-3f22730c2b42', '2e5d0f70-d06a-4752-ade0-da981e77cf4f', '社会保険', 'f', '1') ON CONFLICT DO NOTHING;
INSERT INTO public.options (id, question_id, content, is_correct, "order") VALUES ('4db03a10-907a-4fa1-ba11-c8fb60f3f809', '2e5d0f70-d06a-4752-ade0-da981e77cf4f', '恩給', 'f', '2') ON CONFLICT DO NOTHING;
INSERT INTO public.options (id, question_id, content, is_correct, "order") VALUES ('d4c2907c-5f98-443f-a932-ee38206ef424', '2e5d0f70-d06a-4752-ade0-da981e77cf4f', '公的扶助', 't', '3') ON CONFLICT DO NOTHING;
INSERT INTO public.options (id, question_id, content, is_correct, "order") VALUES ('75ca08d3-c7cf-48c9-81a2-231d184269a0', '2e5d0f70-d06a-4752-ade0-da981e77cf4f', '保健医療・公衆衛生', 'f', '4') ON CONFLICT DO NOTHING;
INSERT INTO public.options (id, question_id, content, is_correct, "order") VALUES ('ed7ac846-e76b-4f9f-8d92-ce2258c35590', '2e5d0f70-d06a-4752-ade0-da981e77cf4f', '社会福祉', 'f', '5') ON CONFLICT DO NOTHING;
INSERT INTO public.options (id, question_id, content, is_correct, "order") VALUES ('0b594863-75c0-4ca2-ad68-b0da77b8450e', '489f66e6-113a-4552-9630-d33aa4192414', '市町村は、設置しなければならない。', 'f', '1') ON CONFLICT DO NOTHING;
INSERT INTO public.options (id, question_id, content, is_correct, "order") VALUES ('203c9751-b6dd-4329-8a51-dffec02a2165', '489f66e6-113a-4552-9630-d33aa4192414', 'センター長は、原則として医師でなければならない。', 'f', '2') ON CONFLICT DO NOTHING;
INSERT INTO public.options (id, question_id, content, is_correct, "order") VALUES ('df613413-7fb7-43c7-bd49-ee79a3ba3abe', '489f66e6-113a-4552-9630-d33aa4192414', '食品衛生の監視を行う。', 'f', '3') ON CONFLICT DO NOTHING;
INSERT INTO public.options (id, question_id, content, is_correct, "order") VALUES ('0c764278-13fe-432d-bb83-25a224cd8f56', '489f66e6-113a-4552-9630-d33aa4192414', '住民の健康相談を担う。', 't', '4') ON CONFLICT DO NOTHING;
INSERT INTO public.options (id, question_id, content, is_correct, "order") VALUES ('a0d3c2fa-fe73-41a7-8e24-5aa39f8e247e', '489f66e6-113a-4552-9630-d33aa4192414', '地域における健康危機管理の拠点となる。 6', 'f', '5') ON CONFLICT DO NOTHING;
INSERT INTO public.options (id, question_id, content, is_correct, "order") VALUES ('58829b53-e5a9-4d9c-bc0b-8028f37fa915', 'd631148c-8066-414d-9d8f-c49d8aab6f0f', '根拠法は、健康増進法である。', 'f', '1') ON CONFLICT DO NOTHING;
INSERT INTO public.options (id, question_id, content, is_correct, "order") VALUES ('457b4e11-5232-4efd-9928-e1f82dfd1b10', 'd631148c-8066-414d-9d8f-c49d8aab6f0f', '75 歳以上の被保険者は、対象とならない。', 't', '2') ON CONFLICT DO NOTHING;
INSERT INTO public.options (id, question_id, content, is_correct, "order") VALUES ('482459e5-9ba1-4fd2-a359-56cd7e40b896', 'd631148c-8066-414d-9d8f-c49d8aab6f0f', '保険者は、降圧薬を服薬中の者を、特定保健指導の対象としなければならな い。', 'f', '3') ON CONFLICT DO NOTHING;
INSERT INTO public.options (id, question_id, content, is_correct, "order") VALUES ('fea29391-8da0-4b97-bccb-fe1e98e7d8b3', 'd631148c-8066-414d-9d8f-c49d8aab6f0f', '採血は、空腹時に限定されている。', 'f', '4') ON CONFLICT DO NOTHING;
INSERT INTO public.options (id, question_id, content, is_correct, "order") VALUES ('8f5d3a71-9be9-49a3-80d7-b43af9d0a869', 'd631148c-8066-414d-9d8f-c49d8aab6f0f', '腹囲が 90 cm で喫煙習慣がある 50 歳男性の場合、1つの追加リスクがある と動機付け支援の対象となる。', 'f', '5') ON CONFLICT DO NOTHING;
INSERT INTO public.options (id, question_id, content, is_correct, "order") VALUES ('5e0a1a95-933f-4520-ab80-7482005d29bf', '73e68e5d-f28a-4c52-83b7-9c9472d4e85c', '直近の国民生活基礎調査（大規模調査年）によると、要介護者となった原因と して最も多いのは、年齢にかかわらず脳卒中である。', 'f', '1') ON CONFLICT DO NOTHING;
INSERT INTO public.options (id, question_id, content, is_correct, "order") VALUES ('0a925f1a-7cae-4c26-a066-6e548a83ffc0', '73e68e5d-f28a-4c52-83b7-9c9472d4e85c', '介護保険制度における保険給付の財源は、全額が被保険者から徴収した保険 料である。', 'f', '2') ON CONFLICT DO NOTHING;
INSERT INTO public.options (id, question_id, content, is_correct, "order") VALUES ('984188e9-551a-4b18-937c-669a78fe0f36', '73e68e5d-f28a-4c52-83b7-9c9472d4e85c', '介護保険制度における予防給付サービスは、要介護者が対象である。', 'f', '3') ON CONFLICT DO NOTHING;
INSERT INTO public.options (id, question_id, content, is_correct, "order") VALUES ('9aefe7bd-de33-4590-b706-f4a0e810d65a', '73e68e5d-f28a-4c52-83b7-9c9472d4e85c', '介護老人保健施設では、医学的管理は行われない。', 'f', '4') ON CONFLICT DO NOTHING;
INSERT INTO public.options (id, question_id, content, is_correct, "order") VALUES ('2f78058e-5c25-40d1-88e5-4a458ff9a3b8', '73e68e5d-f28a-4c52-83b7-9c9472d4e85c', '地域包括支援センターの業務には、権利擁護に関する業務が含まれている。', 't', '5') ON CONFLICT DO NOTHING;
INSERT INTO public.options (id, question_id, content, is_correct, "order") VALUES ('56edcb47-241b-4234-8e01-7b04d149446b', '84623e9a-d156-475c-8644-6d95a3149e22', '血小板には、核が存在する。', 'f', '1') ON CONFLICT DO NOTHING;
INSERT INTO public.options (id, question_id, content, is_correct, "order") VALUES ('a6be4145-b18f-40d0-83b1-f100691c9be7', '84623e9a-d156-475c-8644-6d95a3149e22', '細胞外のナトリウムイオン濃度は、細胞内より低い。', 'f', '2') ON CONFLICT DO NOTHING;
INSERT INTO public.options (id, question_id, content, is_correct, "order") VALUES ('00d71948-ecba-4c14-ace3-3869a7d3c84d', '84623e9a-d156-475c-8644-6d95a3149e22', '全ての細胞は、1つの受精卵から発生する。', 't', '3') ON CONFLICT DO NOTHING;
INSERT INTO public.options (id, question_id, content, is_correct, "order") VALUES ('4d6f4706-3e8a-4892-aa8c-bd5e1adce3fc', '84623e9a-d156-475c-8644-6d95a3149e22', '細胞周期の S 期では、染色体が形成される。', 'f', '4') ON CONFLICT DO NOTHING;
INSERT INTO public.options (id, question_id, content, is_correct, "order") VALUES ('b69f6c1d-3518-46ed-9d4a-3ad340e5fd37', '84623e9a-d156-475c-8644-6d95a3149e22', 'マクロファージは、リンパ球から分化する。 7', 'f', '5') ON CONFLICT DO NOTHING;
INSERT INTO public.options (id, question_id, content, is_correct, "order") VALUES ('d02f59cf-70c8-4b1d-abba-917f22821861', 'db3a6010-e06b-42ca-8d50-56a28e23aef7', 'アミノ酸は、両性化合物である。', 't', '1') ON CONFLICT DO NOTHING;
INSERT INTO public.options (id, question_id, content, is_correct, "order") VALUES ('574d9948-6829-4abe-9dd5-5d61ec277d8c', 'db3a6010-e06b-42ca-8d50-56a28e23aef7', 'たんぱく質の二次構造は、ジスルフィド結合により形成される。', 'f', '2') ON CONFLICT DO NOTHING;
INSERT INTO public.options (id, question_id, content, is_correct, "order") VALUES ('f35072d6-6331-485d-a65e-9116455b79a0', 'db3a6010-e06b-42ca-8d50-56a28e23aef7', 'たんぱく質は、プロテアソームにより折りたたまれる。', 'f', '3') ON CONFLICT DO NOTHING;
INSERT INTO public.options (id, question_id, content, is_correct, "order") VALUES ('14e87085-5113-4718-8e5b-1925b0574caa', 'db3a6010-e06b-42ca-8d50-56a28e23aef7', 'フルクトースは、アルデヒド基をもつ。', 'f', '4') ON CONFLICT DO NOTHING;
INSERT INTO public.options (id, question_id, content, is_correct, "order") VALUES ('c95ecf74-6bd6-4b93-8c20-05c028682357', 'db3a6010-e06b-42ca-8d50-56a28e23aef7', 'でんぷんは、β ─ 1,4 グリコシド結合をもつ。', 'f', '5') ON CONFLICT DO NOTHING;
INSERT INTO public.options (id, question_id, content, is_correct, "order") VALUES ('4f6caf66-d98a-451d-bfb8-77fef7edd76d', '2c4cc6f1-2389-4cde-a8c8-9cf9b5904669', 'AMP は、分子内に高エネルギー結合をもつ。', 'f', '1') ON CONFLICT DO NOTHING;
INSERT INTO public.options (id, question_id, content, is_correct, "order") VALUES ('238db5f6-3d64-4956-8b15-a7337ab20203', '2c4cc6f1-2389-4cde-a8c8-9cf9b5904669', 'ホスホエノールピルビン酸は、高エネルギー化合物である。', 't', '2') ON CONFLICT DO NOTHING;
INSERT INTO public.options (id, question_id, content, is_correct, "order") VALUES ('7f14aae4-280e-4059-9623-7e7237991a2d', '2c4cc6f1-2389-4cde-a8c8-9cf9b5904669', '電子伝達系は、ミトコンドリアの外膜にある。', 'f', '3') ON CONFLICT DO NOTHING;
INSERT INTO public.options (id, question_id, content, is_correct, "order") VALUES ('ce7581dc-5f24-4f20-8d08-dee34a732ee4', '2c4cc6f1-2389-4cde-a8c8-9cf9b5904669', '電子伝達系の電子受容体は、窒素分子である。', 'f', '4') ON CONFLICT DO NOTHING;
INSERT INTO public.options (id, question_id, content, is_correct, "order") VALUES ('ca4f609e-58eb-46b3-aecc-b80bf7eb45dc', '2c4cc6f1-2389-4cde-a8c8-9cf9b5904669', '脱共役たんぱく質（UCP）による熱産生は、ATP の合成を伴う。', 'f', '5') ON CONFLICT DO NOTHING;
INSERT INTO public.options (id, question_id, content, is_correct, "order") VALUES ('5d04fdcd-b1ab-4254-a920-c55081d1e895', '35055d3d-6e04-4f77-a2aa-43f2daba486b', 'ビタミン B 1 は、アミノ基転移反応の補酵素である。', 'f', '1') ON CONFLICT DO NOTHING;
INSERT INTO public.options (id, question_id, content, is_correct, "order") VALUES ('bd1e8f0e-32b3-4d54-8dd5-7de5cf1aa41d', '35055d3d-6e04-4f77-a2aa-43f2daba486b', '尿素回路は、腎臓に存在する。', 'f', '2') ON CONFLICT DO NOTHING;
INSERT INTO public.options (id, question_id, content, is_correct, "order") VALUES ('50ced14c-8fcc-43db-beee-c3e3db92030c', '35055d3d-6e04-4f77-a2aa-43f2daba486b', 'セロトニンは、トリプトファンから合成される。', 't', '3') ON CONFLICT DO NOTHING;
INSERT INTO public.options (id, question_id, content, is_correct, "order") VALUES ('92974552-176f-4717-8db1-bc371884c08a', '35055d3d-6e04-4f77-a2aa-43f2daba486b', '糖新生は、小胞体で行われる。', 'f', '4') ON CONFLICT DO NOTHING;
INSERT INTO public.options (id, question_id, content, is_correct, "order") VALUES ('e1f8103a-e7eb-4d99-ba11-ef47ca48388e', '35055d3d-6e04-4f77-a2aa-43f2daba486b', '脂肪酸の合成は、ミトコンドリアで行われる。 8', 'f', '5') ON CONFLICT DO NOTHING;
INSERT INTO public.options (id, question_id, content, is_correct, "order") VALUES ('e31848ed-18f3-4aa5-9363-07f298d10757', 'aaa2dde6-5876-4951-ad2b-5fe9e54c855f', '過換気症候群では、呼吸性アシドーシスになる。', 'f', '1') ON CONFLICT DO NOTHING;
INSERT INTO public.options (id, question_id, content, is_correct, "order") VALUES ('c60425dc-a396-4f87-9cc5-5ed652831888', 'aaa2dde6-5876-4951-ad2b-5fe9e54c855f', 'COPD では、呼吸性アルカローシスになる。', 'f', '2') ON CONFLICT DO NOTHING;
INSERT INTO public.options (id, question_id, content, is_correct, "order") VALUES ('1642e6d7-0cef-452b-b2a6-8506e84b85cf', 'aaa2dde6-5876-4951-ad2b-5fe9e54c855f', '大量の嘔吐では、代謝性アシドーシスになる。', 'f', '3') ON CONFLICT DO NOTHING;
INSERT INTO public.options (id, question_id, content, is_correct, "order") VALUES ('411b0502-da95-4831-8674-65fb3bc690b4', 'aaa2dde6-5876-4951-ad2b-5fe9e54c855f', '原発性アルドステロン症では、代謝性アシドーシスになる。', 'f', '4') ON CONFLICT DO NOTHING;
INSERT INTO public.options (id, question_id, content, is_correct, "order") VALUES ('c6619f52-9569-4e19-9fb7-66c7feccd1e0', 'aaa2dde6-5876-4951-ad2b-5fe9e54c855f', '腎不全では、代謝性アシドーシスになる。', 't', '5') ON CONFLICT DO NOTHING;
INSERT INTO public.options (id, question_id, content, is_correct, "order") VALUES ('8dc2cb1c-8499-483b-91f0-491ab9f16980', '29c35e0c-f09c-4ee3-ba52-36d8708b6fb0', 'テロメアは、細胞分裂を繰り返すと長くなる。', 'f', '1') ON CONFLICT DO NOTHING;
INSERT INTO public.options (id, question_id, content, is_correct, "order") VALUES ('1d652138-bf86-40c4-9f12-d7c41c8cdf66', '29c35e0c-f09c-4ee3-ba52-36d8708b6fb0', '肉芽組織は、線維芽細胞に富んでいる。', 't', '2') ON CONFLICT DO NOTHING;
INSERT INTO public.options (id, question_id, content, is_correct, "order") VALUES ('36c400ed-08fc-41e1-bad8-2b0ef9d01cc7', '29c35e0c-f09c-4ee3-ba52-36d8708b6fb0', '良性腫瘍は、悪性腫瘍に比べて細胞の分化度が低い。', 'f', '3') ON CONFLICT DO NOTHING;
INSERT INTO public.options (id, question_id, content, is_correct, "order") VALUES ('6110751d-12d0-496f-b8d3-8d2d03cb5bae', '29c35e0c-f09c-4ee3-ba52-36d8708b6fb0', '上皮性の悪性腫瘍は、肉腫と呼ばれる。', 'f', '4') ON CONFLICT DO NOTHING;
INSERT INTO public.options (id, question_id, content, is_correct, "order") VALUES ('76751d57-2d73-44ad-a98f-230e29d8eb05', '29c35e0c-f09c-4ee3-ba52-36d8708b6fb0', '脳死では、自発呼吸がみられる。', 'f', '5') ON CONFLICT DO NOTHING;
INSERT INTO public.options (id, question_id, content, is_correct, "order") VALUES ('a54e92f0-693f-4725-9aab-2b8538535de2', '35e4126d-3fa9-4754-9f34-99afce2f48c5', '動脈血ガス分析検査では、pH が測定される。', 't', '1') ON CONFLICT DO NOTHING;
INSERT INTO public.options (id, question_id, content, is_correct, "order") VALUES ('f11274f6-efef-43eb-b012-1792e921f1cf', '35e4126d-3fa9-4754-9f34-99afce2f48c5', 'ビリルビンは、血清たんぱく質である。', 'f', '2') ON CONFLICT DO NOTHING;
INSERT INTO public.options (id, question_id, content, is_correct, "order") VALUES ('2d96ba9e-ebca-4399-92f9-043f580cf3df', '35e4126d-3fa9-4754-9f34-99afce2f48c5', '心電図の QRS 波は、心房の興奮を反映している。', 'f', '3') ON CONFLICT DO NOTHING;
INSERT INTO public.options (id, question_id, content, is_correct, "order") VALUES ('bb8acd78-18ea-480d-bb78-f646f5a3a1f6', '35e4126d-3fa9-4754-9f34-99afce2f48c5', 'スパイロメトリは、経皮的酸素飽和度を調べる検査である。', 'f', '4') ON CONFLICT DO NOTHING;
INSERT INTO public.options (id, question_id, content, is_correct, "order") VALUES ('7d6a5333-1669-4c4c-93af-a7de2a5c41b1', '35e4126d-3fa9-4754-9f34-99afce2f48c5', 'CT（コンピューター断層撮影）は、磁気を利用する検査である。', 'f', '5') ON CONFLICT DO NOTHING;
INSERT INTO public.options (id, question_id, content, is_correct, "order") VALUES ('73649466-cac6-4aae-a066-dab272da2e08', '0d3c9d54-c77b-49ec-b6c5-e85c5fa5e65f', '発熱の患者に対する解熱鎮痛薬の投与は、原因療法である。', 'f', '1') ON CONFLICT DO NOTHING;
INSERT INTO public.options (id, question_id, content, is_correct, "order") VALUES ('4d194798-08fb-4d6a-86ce-dda1deb93275', '0d3c9d54-c77b-49ec-b6c5-e85c5fa5e65f', '細菌性肺炎に対する抗菌薬の投与は、対症療法である。', 'f', '2') ON CONFLICT DO NOTHING;
INSERT INTO public.options (id, question_id, content, is_correct, "order") VALUES ('7bc8286d-252e-4c99-9e5a-0a3aa1b71a29', '0d3c9d54-c77b-49ec-b6c5-e85c5fa5e65f', 'リハビリテーションは、根治療法である。', 'f', '3') ON CONFLICT DO NOTHING;
INSERT INTO public.options (id, question_id, content, is_correct, "order") VALUES ('486c871b-8656-4bb5-9661-d4b153f960d0', '0d3c9d54-c77b-49ec-b6c5-e85c5fa5e65f', '輸血療法は、血液浄化療法である。', 'f', '4') ON CONFLICT DO NOTHING;
INSERT INTO public.options (id, question_id, content, is_correct, "order") VALUES ('49b74030-ba4d-4787-b6ed-142f86589017', '0d3c9d54-c77b-49ec-b6c5-e85c5fa5e65f', 'iPS 細胞（人工多能性幹細胞）の使用は、再生医療である。 9', 't', '5') ON CONFLICT DO NOTHING;
INSERT INTO public.options (id, question_id, content, is_correct, "order") VALUES ('c34bc30b-65bc-4bc3-bf91-64d73cbcc716', '5a8700e8-fd6b-46fc-bc0d-2128284ecca2', 'インスリンは、リポたんぱく質リパーゼ活性を低下させる。', 'f', '1') ON CONFLICT DO NOTHING;
INSERT INTO public.options (id, question_id, content, is_correct, "order") VALUES ('43839742-d84b-4d2e-82f7-f86b7fc484b2', '5a8700e8-fd6b-46fc-bc0d-2128284ecca2', 'リポたんぱく質リパーゼの異常では、高キロミクロン血症をきたす。', 't', '2') ON CONFLICT DO NOTHING;
INSERT INTO public.options (id, question_id, content, is_correct, "order") VALUES ('020bee09-3831-4fc6-9dba-99dd63587efe', '5a8700e8-fd6b-46fc-bc0d-2128284ecca2', '家族性高コレステロール血症は、グルコース ─ 6 ─ ホスファターゼの欠損に よって起こる。', 'f', '3') ON CONFLICT DO NOTHING;
INSERT INTO public.options (id, question_id, content, is_correct, "order") VALUES ('5bd05eb7-1312-4ce2-8014-f9601f516d05', '5a8700e8-fd6b-46fc-bc0d-2128284ecca2', 'ネフローゼ症候群の診断基準では、脂質異常症が必須条件である。', 'f', '4') ON CONFLICT DO NOTHING;
INSERT INTO public.options (id, question_id, content, is_correct, "order") VALUES ('4a78477e-d46e-4ee1-bfc2-a7cd35f143b8', '5a8700e8-fd6b-46fc-bc0d-2128284ecca2', '著明な高コレステロール血症では、急性膵炎を起こす。', 'f', '5') ON CONFLICT DO NOTHING;
INSERT INTO public.options (id, question_id, content, is_correct, "order") VALUES ('2cd810b6-a41d-4f29-b6ad-e3cea7b5f683', '32c48180-1086-410b-8ef1-26d9f80752f3', '嚥下時には、軟口蓋が気管を塞ぐ。', 'f', '1') ON CONFLICT DO NOTHING;
INSERT INTO public.options (id, question_id, content, is_correct, "order") VALUES ('66af1d61-55f8-4e11-9d57-b4bfd838148d', '32c48180-1086-410b-8ef1-26d9f80752f3', '内因子は、主細胞から分泌される。', 'f', '2') ON CONFLICT DO NOTHING;
INSERT INTO public.options (id, question_id, content, is_correct, "order") VALUES ('54b7a43d-bedc-4287-900a-26faa583233f', '32c48180-1086-410b-8ef1-26d9f80752f3', '胆汁は、総胆管を経て胆嚢に運ばれる。', 'f', '3') ON CONFLICT DO NOTHING;
INSERT INTO public.options (id, question_id, content, is_correct, "order") VALUES ('05b84844-7245-4a49-b389-3b71c3339586', '32c48180-1086-410b-8ef1-26d9f80752f3', 'オッディ（Oddi）括約筋が弛緩すると、胆汁が十二指腸に排出される。', 't', '4') ON CONFLICT DO NOTHING;
INSERT INTO public.options (id, question_id, content, is_correct, "order") VALUES ('863205f3-3043-4eeb-9e94-463c167e2d57', '32c48180-1086-410b-8ef1-26d9f80752f3', '大腸粘膜には、輪状ヒダがある。', 'f', '5') ON CONFLICT DO NOTHING;
INSERT INTO public.options (id, question_id, content, is_correct, "order") VALUES ('d47b4ff5-c2c1-4f75-97ca-3bd3a81c3ee1', '942434e6-c815-4fb5-b55a-cfb30b15a9c6', 'A 型肝炎は、血液感染が最も多い。', 'f', '1') ON CONFLICT DO NOTHING;
INSERT INTO public.options (id, question_id, content, is_correct, "order") VALUES ('d910d417-0780-42e8-9806-0a805050f7be', '942434e6-c815-4fb5-b55a-cfb30b15a9c6', 'B 型肝炎ウイルスは、RNA ウイルスである。', 'f', '2') ON CONFLICT DO NOTHING;
INSERT INTO public.options (id, question_id, content, is_correct, "order") VALUES ('32756378-6f47-429e-9a41-f3539dcb620b', '942434e6-c815-4fb5-b55a-cfb30b15a9c6', '肝硬変では、プロトロンビン時間が短縮する。', 'f', '3') ON CONFLICT DO NOTHING;
INSERT INTO public.options (id, question_id, content, is_correct, "order") VALUES ('26365212-ac36-4ebc-98ae-de107801c00e', '942434e6-c815-4fb5-b55a-cfb30b15a9c6', '肝硬変では、血中コリンエステラーゼ値が上昇する。', 'f', '4') ON CONFLICT DO NOTHING;
INSERT INTO public.options (id, question_id, content, is_correct, "order") VALUES ('380fafb9-75f4-4cc8-bf73-05c98d4547ed', '942434e6-c815-4fb5-b55a-cfb30b15a9c6', 'NASH では、肝の線維化がみられる。', 't', '5') ON CONFLICT DO NOTHING;
INSERT INTO public.options (id, question_id, content, is_correct, "order") VALUES ('de5882d3-0ffe-4a79-b179-c7a21e2be9f4', '83f4c68c-1feb-4621-8b69-6118b6af5f20', '心臓血管中枢は、中脳にある。', 'f', '1') ON CONFLICT DO NOTHING;
INSERT INTO public.options (id, question_id, content, is_correct, "order") VALUES ('1cc8ab02-d5b4-45ac-81c6-b5e596718306', '83f4c68c-1feb-4621-8b69-6118b6af5f20', '肺動脈は、肺と左心房をつなぐ。', 'f', '2') ON CONFLICT DO NOTHING;
INSERT INTO public.options (id, question_id, content, is_correct, "order") VALUES ('b5bdf685-6341-49b3-8d7d-e4c853a2fe62', '83f4c68c-1feb-4621-8b69-6118b6af5f20', '心室の収縮期では、僧帽弁は閉鎖する。', 't', '3') ON CONFLICT DO NOTHING;
INSERT INTO public.options (id, question_id, content, is_correct, "order") VALUES ('caa0fe27-1dd3-4561-8764-96c89a288f62', '83f4c68c-1feb-4621-8b69-6118b6af5f20', '動脈は、内膜と外膜の2層からなる。', 'f', '4') ON CONFLICT DO NOTHING;
INSERT INTO public.options (id, question_id, content, is_correct, "order") VALUES ('9cf70174-4404-46ec-8983-e9eee1d5850d', '83f4c68c-1feb-4621-8b69-6118b6af5f20', '副交感神経の興奮により、心拍数は増加する。 10', 'f', '5') ON CONFLICT DO NOTHING;
INSERT INTO public.options (id, question_id, content, is_correct, "order") VALUES ('8b111c43-ddc7-4c58-8152-39ad88009ccf', 'e475b330-fd90-4969-a723-f52d217c0b5e', '心室細動では、心拍出量が増加する。', 'f', '1') ON CONFLICT DO NOTHING;
INSERT INTO public.options (id, question_id, content, is_correct, "order") VALUES ('8251fba5-debe-4b72-8c1f-0765f945c736', 'e475b330-fd90-4969-a723-f52d217c0b5e', '深部静脈血栓症では、急性肺塞栓を起こす。', 't', '2') ON CONFLICT DO NOTHING;
INSERT INTO public.options (id, question_id, content, is_correct, "order") VALUES ('44fc5939-99a6-483e-86f4-2b86752c308f', 'e475b330-fd90-4969-a723-f52d217c0b5e', '右心不全では、肺うっ血がみられる。', 'f', '3') ON CONFLICT DO NOTHING;
INSERT INTO public.options (id, question_id, content, is_correct, "order") VALUES ('2800bd17-d543-438d-bd58-0b9c0c39ab4a', 'e475b330-fd90-4969-a723-f52d217c0b5e', '心不全では、血中 BNP（脳性ナトリウム利尿ペプチド）値が低下する。', 'f', '4') ON CONFLICT DO NOTHING;
INSERT INTO public.options (id, question_id, content, is_correct, "order") VALUES ('fb5459c4-5435-407e-83b9-8baf93e0cf2a', 'e475b330-fd90-4969-a723-f52d217c0b5e', '重度の貧血では、低心拍出性心不全がみられる。', 'f', '5') ON CONFLICT DO NOTHING;
INSERT INTO public.options (id, question_id, content, is_correct, "order") VALUES ('67e1afdb-8ca2-4802-824c-a5a9680dae96', 'ac95c5b0-aa5c-4257-8714-16ca0f1b8ed0', '1個の腎臓には、約1万個のネフロンがある。', 'f', '1') ON CONFLICT DO NOTHING;
INSERT INTO public.options (id, question_id, content, is_correct, "order") VALUES ('7693e573-1b64-435a-9c60-23190176f0fa', 'ac95c5b0-aa5c-4257-8714-16ca0f1b8ed0', 'ヘンレ係蹄は、遠位尿細管と集合管との間に存在する。', 'f', '2') ON CONFLICT DO NOTHING;
INSERT INTO public.options (id, question_id, content, is_correct, "order") VALUES ('36035300-e746-44f2-8b43-2b3be5dbcea0', 'ac95c5b0-aa5c-4257-8714-16ca0f1b8ed0', '近位尿細管では、グルコースが再吸収される。', 't', '3') ON CONFLICT DO NOTHING;
INSERT INTO public.options (id, question_id, content, is_correct, "order") VALUES ('87d9a868-2950-496b-b165-46f4e9c85ba8', 'ac95c5b0-aa5c-4257-8714-16ca0f1b8ed0', '健常成人の1日当たりの糸球体濾過量は、約 1. 5 L である。', 'f', '4') ON CONFLICT DO NOTHING;
INSERT INTO public.options (id, question_id, content, is_correct, "order") VALUES ('ec10b225-657e-4b67-b3fd-0836deeba34b', 'ac95c5b0-aa5c-4257-8714-16ca0f1b8ed0', '健常成人の尿比重は、1. 100 以上に調節されている。', 'f', '5') ON CONFLICT DO NOTHING;
INSERT INTO public.options (id, question_id, content, is_correct, "order") VALUES ('1ac85793-b267-46d8-9a38-f73a4334e99e', '3bb5ac4a-7d48-4e6d-8c6b-9d2a1f50a88e', '高齢者に多い。', 'f', '1') ON CONFLICT DO NOTHING;
INSERT INTO public.options (id, question_id, content, is_correct, "order") VALUES ('f0b03d4f-6099-44b1-8422-a1f474c0ef4a', '3bb5ac4a-7d48-4e6d-8c6b-9d2a1f50a88e', '感染後1～３日で発症する。', 'f', '2') ON CONFLICT DO NOTHING;
INSERT INTO public.options (id, question_id, content, is_correct, "order") VALUES ('440ceb7b-b87d-4380-914c-671d390791da', '3bb5ac4a-7d48-4e6d-8c6b-9d2a1f50a88e', '高血圧を引き起こす。', 't', '3') ON CONFLICT DO NOTHING;
INSERT INTO public.options (id, question_id, content, is_correct, "order") VALUES ('e88b006f-cd13-4f73-bf77-5704ef283d1b', '3bb5ac4a-7d48-4e6d-8c6b-9d2a1f50a88e', '血清中の補体価は上昇する。', 'f', '4') ON CONFLICT DO NOTHING;
INSERT INTO public.options (id, question_id, content, is_correct, "order") VALUES ('89406859-c157-4f0e-b2b6-46a158939cc3', '3bb5ac4a-7d48-4e6d-8c6b-9d2a1f50a88e', '半数以上は慢性化する。', 'f', '5') ON CONFLICT DO NOTHING;
INSERT INTO public.options (id, question_id, content, is_correct, "order") VALUES ('1e5d07d3-dfa8-496f-8939-3af9ed29ae70', '970d8720-1be9-47eb-acd2-3a45b9ce74b6', 'バセドウ病では、血中 LDL コレステロール値が上昇する。', 'f', '1') ON CONFLICT DO NOTHING;
INSERT INTO public.options (id, question_id, content, is_correct, "order") VALUES ('52b7c01a-ce40-4dc0-b27e-981de826b577', '970d8720-1be9-47eb-acd2-3a45b9ce74b6', 'バセドウ病では、血中甲状腺刺激ホルモン（TSH）値が上昇する。', 'f', '2') ON CONFLICT DO NOTHING;
INSERT INTO public.options (id, question_id, content, is_correct, "order") VALUES ('4db5cc2d-d64c-4897-8385-960e40c3e80d', '970d8720-1be9-47eb-acd2-3a45b9ce74b6', '橋本病では、基礎代謝が亢進する。', 'f', '3') ON CONFLICT DO NOTHING;
INSERT INTO public.options (id, question_id, content, is_correct, "order") VALUES ('2503ca4a-8d10-4ddd-994b-fe04345bf1ad', '970d8720-1be9-47eb-acd2-3a45b9ce74b6', '副甲状腺機能亢進症では、腎臓におけるカルシウム再吸収が抑制される。', 'f', '4') ON CONFLICT DO NOTHING;
INSERT INTO public.options (id, question_id, content, is_correct, "order") VALUES ('967a2576-9d0b-4555-9b0b-ee7894e3f7ba', '970d8720-1be9-47eb-acd2-3a45b9ce74b6', '副甲状腺機能低下症では、テタニーが起こる。 11', 't', '5') ON CONFLICT DO NOTHING;
INSERT INTO public.options (id, question_id, content, is_correct, "order") VALUES ('707de7ad-5c8d-4561-9998-ca09b503209e', 'd0fee863-1e6e-47a1-80f0-fdaf5c895ead', '主な責任病巣は側頭葉である。', 'f', '1') ON CONFLICT DO NOTHING;
INSERT INTO public.options (id, question_id, content, is_correct, "order") VALUES ('cf0a36c5-ffad-47ca-9dd2-331d1f4564c7', 'd0fee863-1e6e-47a1-80f0-fdaf5c895ead', '脳内のドーパミンが増加している。', 'f', '2') ON CONFLICT DO NOTHING;
INSERT INTO public.options (id, question_id, content, is_correct, "order") VALUES ('3bef06f8-4c3e-469e-b4a8-a28b09563e40', 'd0fee863-1e6e-47a1-80f0-fdaf5c895ead', 'まだら認知症がみられる。', 'f', '3') ON CONFLICT DO NOTHING;
INSERT INTO public.options (id, question_id, content, is_correct, "order") VALUES ('7d1dd1d3-14fb-4a3c-963b-bd421058df90', 'd0fee863-1e6e-47a1-80f0-fdaf5c895ead', '四肢の筋肉は弛緩する。', 'f', '4') ON CONFLICT DO NOTHING;
INSERT INTO public.options (id, question_id, content, is_correct, "order") VALUES ('7016d35f-98d1-4214-bbdc-8667f31e5686', 'd0fee863-1e6e-47a1-80f0-fdaf5c895ead', '便秘をきたす。', 't', '5') ON CONFLICT DO NOTHING;
INSERT INTO public.options (id, question_id, content, is_correct, "order") VALUES ('3d575162-ee91-4733-84e5-6ecd229276ac', 'f7e4e390-e643-4e55-86c9-37fe625b5ee7', '呼吸中枢は、大脳皮質に存在する。', 'f', '1') ON CONFLICT DO NOTHING;
INSERT INTO public.options (id, question_id, content, is_correct, "order") VALUES ('c1706935-aae0-45eb-9ac6-8ad202039821', 'f7e4e390-e643-4e55-86c9-37fe625b5ee7', '気管支平滑筋は、副交感神経の興奮で弛緩する。', 'f', '2') ON CONFLICT DO NOTHING;
INSERT INTO public.options (id, question_id, content, is_correct, "order") VALUES ('b1f997c2-9fbe-4ec5-a79f-61e1890373ce', 'f7e4e390-e643-4e55-86c9-37fe625b5ee7', '横隔膜は、吸気時に収縮する。', 't', '3') ON CONFLICT DO NOTHING;
INSERT INTO public.options (id, question_id, content, is_correct, "order") VALUES ('33eb3a34-aeef-4958-9ce4-e1e2fb1ff507', 'f7e4e390-e643-4e55-86c9-37fe625b5ee7', '内呼吸は、肺胞で行われるガス交換である。', 'f', '4') ON CONFLICT DO NOTHING;
INSERT INTO public.options (id, question_id, content, is_correct, "order") VALUES ('4e24a996-0588-4440-95ce-6bd93b27da7c', 'f7e4e390-e643-4e55-86c9-37fe625b5ee7', '肺活量は、1回換気量と残気量の和である。', 'f', '5') ON CONFLICT DO NOTHING;
INSERT INTO public.options (id, question_id, content, is_correct, "order") VALUES ('efbe7c9d-9d5d-4075-bb81-29b5e32c93a7', 'bca763a3-0fb4-41c5-9af8-728018fbbdc4', 'COPD に対する治療には、在宅酸素療法がある。', 't', '1') ON CONFLICT DO NOTHING;
INSERT INTO public.options (id, question_id, content, is_correct, "order") VALUES ('3a7c5872-503c-4f32-abc9-0685505cfdfc', 'bca763a3-0fb4-41c5-9af8-728018fbbdc4', '気管支喘息では、発作時に気道が拡張する。', 'f', '2') ON CONFLICT DO NOTHING;
INSERT INTO public.options (id, question_id, content, is_correct, "order") VALUES ('73865e2f-1ba2-4621-9d02-f2d371474509', 'bca763a3-0fb4-41c5-9af8-728018fbbdc4', '肺結核に対する予防接種には、ツベルクリン反応がある。', 'f', '3') ON CONFLICT DO NOTHING;
INSERT INTO public.options (id, question_id, content, is_correct, "order") VALUES ('5f421121-bbcd-46bb-ae8d-0ae2cd7fe005', 'bca763a3-0fb4-41c5-9af8-728018fbbdc4', 'マイコプラズマ肺炎は、ウイルス性肺炎である。', 'f', '4') ON CONFLICT DO NOTHING;
INSERT INTO public.options (id, question_id, content, is_correct, "order") VALUES ('dc008898-a00b-4326-96f2-69866f0c9bc5', 'bca763a3-0fb4-41c5-9af8-728018fbbdc4', 'クリプトコッカス肺炎は、細菌性肺炎である。', 'f', '5') ON CONFLICT DO NOTHING;
INSERT INTO public.options (id, question_id, content, is_correct, "order") VALUES ('29cb9220-5cfd-42e4-921b-fc106a97c38b', 'b0b15fb8-de69-45ae-b896-72057ff239db', '細胞は円柱形である。', 'f', '1') ON CONFLICT DO NOTHING;
INSERT INTO public.options (id, question_id, content, is_correct, "order") VALUES ('91d51429-246b-4edd-ab19-d43796273247', 'b0b15fb8-de69-45ae-b896-72057ff239db', '横紋が観察される。', 'f', '2') ON CONFLICT DO NOTHING;
INSERT INTO public.options (id, question_id, content, is_correct, "order") VALUES ('36eeaca6-23e0-42cf-a41a-f55fc0c554d2', 'b0b15fb8-de69-45ae-b896-72057ff239db', '介在板が観察される。', 'f', '3') ON CONFLICT DO NOTHING;
INSERT INTO public.options (id, question_id, content, is_correct, "order") VALUES ('522cacab-358c-43f9-9228-4a6b28cdef1c', 'b0b15fb8-de69-45ae-b896-72057ff239db', '骨に付着する。', 'f', '4') ON CONFLICT DO NOTHING;
INSERT INTO public.options (id, question_id, content, is_correct, "order") VALUES ('240adaeb-0d68-4764-ba04-7d67336d9a70', 'b0b15fb8-de69-45ae-b896-72057ff239db', '不随意筋である。 12', 't', '5') ON CONFLICT DO NOTHING;
INSERT INTO public.options (id, question_id, content, is_correct, "order") VALUES ('25456aae-e8c9-4af8-ad14-ca29aceb63d9', 'af3be147-8e27-4e2a-bda9-e6c74e949d33', '男性に多い。', 'f', '1') ON CONFLICT DO NOTHING;
INSERT INTO public.options (id, question_id, content, is_correct, "order") VALUES ('c000ebf4-d492-410f-93f7-d24f835c9156', 'af3be147-8e27-4e2a-bda9-e6c74e949d33', '類骨が増加する。', 'f', '2') ON CONFLICT DO NOTHING;
INSERT INTO public.options (id, question_id, content, is_correct, "order") VALUES ('92f251b4-d314-48b4-a243-a5de203cc383', 'af3be147-8e27-4e2a-bda9-e6c74e949d33', '脆弱性骨折がない時の診断基準は、骨密度が若年成人平均値（YAM）の 60％ 未満である。', 'f', '3') ON CONFLICT DO NOTHING;
INSERT INTO public.options (id, question_id, content, is_correct, "order") VALUES ('e6ff3ffe-d83a-4419-8a68-0caf13d054bb', 'af3be147-8e27-4e2a-bda9-e6c74e949d33', '小児に発症した骨粗鬆症をくる病という。', 'f', '4') ON CONFLICT DO NOTHING;
INSERT INTO public.options (id, question_id, content, is_correct, "order") VALUES ('b12c5ccb-28ce-4ac9-8734-67c44d7947d1', 'af3be147-8e27-4e2a-bda9-e6c74e949d33', '糖質コルチコイド過剰により発症する。', 't', '5') ON CONFLICT DO NOTHING;
INSERT INTO public.options (id, question_id, content, is_correct, "order") VALUES ('fdaf5296-8e58-48d0-89e0-949a834fac35', 'f858328e-1766-4856-92b5-8ed961dc992d', '50 g 経口ブドウ糖負荷試験で診断する。', 'f', '1') ON CONFLICT DO NOTHING;
INSERT INTO public.options (id, question_id, content, is_correct, "order") VALUES ('46148e80-b6a7-43d9-ba4c-6eb14e5c93fd', 'f858328e-1766-4856-92b5-8ed961dc992d', '空腹時血糖値 150 mg/dL で HbA1c 6. 5％ の場合、妊娠糖尿病と診断でき る。', 'f', '2') ON CONFLICT DO NOTHING;
INSERT INTO public.options (id, question_id, content, is_correct, "order") VALUES ('8e607141-90e9-4024-8053-1a2cfbad5771', 'f858328e-1766-4856-92b5-8ed961dc992d', '妊娠 20 週以降には、耐糖能は改善する。', 'f', '3') ON CONFLICT DO NOTHING;
INSERT INTO public.options (id, question_id, content, is_correct, "order") VALUES ('77843654-4ec6-405e-97ce-22ef36208202', 'f858328e-1766-4856-92b5-8ed961dc992d', '将来の2型糖尿病発症リスクである。', 't', '4') ON CONFLICT DO NOTHING;
INSERT INTO public.options (id, question_id, content, is_correct, "order") VALUES ('a874064a-1e0e-494e-b82e-8a81bfc3f494', 'f858328e-1766-4856-92b5-8ed961dc992d', '経口血糖降下薬を使用する。', 'f', '5') ON CONFLICT DO NOTHING;
INSERT INTO public.options (id, question_id, content, is_correct, "order") VALUES ('a9bb874e-63aa-49a8-aee2-e0954a3aeb4c', 'f1cde9f7-0d1d-47bb-9612-6d4fbcb7da83', 'ヒトのヘモグロビンは、2本のグロビンからなる二量体である。', 'f', '1') ON CONFLICT DO NOTHING;
INSERT INTO public.options (id, question_id, content, is_correct, "order") VALUES ('45f60722-ba05-4801-8eca-5f2176621414', 'f1cde9f7-0d1d-47bb-9612-6d4fbcb7da83', 'ヘモグロビンと酸素の親和性は、ヘモグロビンと一酸化炭素の親和性よりも 高い。', 'f', '2') ON CONFLICT DO NOTHING;
INSERT INTO public.options (id, question_id, content, is_correct, "order") VALUES ('7f2aa996-0bfe-4e7f-862c-ee06bff09343', 'f1cde9f7-0d1d-47bb-9612-6d4fbcb7da83', '還元ヘモグロビン濃度が上昇すると、チアノーゼが出現する。', 't', '3') ON CONFLICT DO NOTHING;
INSERT INTO public.options (id, question_id, content, is_correct, "order") VALUES ('4d088a3a-a637-4214-b418-1863518de61a', 'f1cde9f7-0d1d-47bb-9612-6d4fbcb7da83', 'エリスロポエチンは、白血球の成熟を促す。', 'f', '4') ON CONFLICT DO NOTHING;
INSERT INTO public.options (id, question_id, content, is_correct, "order") VALUES ('06e44ba9-b157-4b31-ac05-9c3ac7caacd2', 'f1cde9f7-0d1d-47bb-9612-6d4fbcb7da83', 'プラスミンは、凝固因子である。 13', 'f', '5') ON CONFLICT DO NOTHING;
INSERT INTO public.options (id, question_id, content, is_correct, "order") VALUES ('0a932944-7739-4f26-ba2b-8cd449e6e956', '0e693547-56bf-4fb0-a963-d00faf80913c', '鉄欠乏性貧血では、血清フェリチン値が上昇する。', 'f', '1') ON CONFLICT DO NOTHING;
INSERT INTO public.options (id, question_id, content, is_correct, "order") VALUES ('cc5a3dc8-5364-48ec-bfc7-3d3dfad9e148', '0e693547-56bf-4fb0-a963-d00faf80913c', '再生不良性貧血では、骨髄の過形成がみられる。', 'f', '2') ON CONFLICT DO NOTHING;
INSERT INTO public.options (id, question_id, content, is_correct, "order") VALUES ('f82be66e-c228-4207-8b4f-5c3dd5906f2d', '0e693547-56bf-4fb0-a963-d00faf80913c', '溶血性貧血では、血中の網赤血球が減少する。', 'f', '3') ON CONFLICT DO NOTHING;
INSERT INTO public.options (id, question_id, content, is_correct, "order") VALUES ('ffa5a82a-d557-4675-ba4b-7413d5b4d6da', '0e693547-56bf-4fb0-a963-d00faf80913c', '血友病 A は、第IX因子の異常である。', 'f', '4') ON CONFLICT DO NOTHING;
INSERT INTO public.options (id, question_id, content, is_correct, "order") VALUES ('75dc665a-8f9f-43d9-b439-0f40e7dabd93', '0e693547-56bf-4fb0-a963-d00faf80913c', '特発性血小板減少性紫斑病（ITP）では、抗血小板抗体が認められる。', 't', '5') ON CONFLICT DO NOTHING;
INSERT INTO public.options (id, question_id, content, is_correct, "order") VALUES ('62e77f99-d3b4-4151-8f46-18fc0f8b1814', '7582b1ed-2acc-4b84-9660-f42170080d5e', '発症のピーク年齢は、60 歳以上である。', 'f', '1') ON CONFLICT DO NOTHING;
INSERT INTO public.options (id, question_id, content, is_correct, "order") VALUES ('58343db7-9fc5-4231-97a1-3a0f67cae909', '7582b1ed-2acc-4b84-9660-f42170080d5e', '男性に多い。', 'f', '2') ON CONFLICT DO NOTHING;
INSERT INTO public.options (id, question_id, content, is_correct, "order") VALUES ('bd638d05-2fec-48c8-8c0b-fd41e5c9b33d', '7582b1ed-2acc-4b84-9660-f42170080d5e', '滑膜の炎症が生じる。', 't', '3') ON CONFLICT DO NOTHING;
INSERT INTO public.options (id, question_id, content, is_correct, "order") VALUES ('1681cf10-ff2b-4ffc-9230-391db0ad2f7e', '7582b1ed-2acc-4b84-9660-f42170080d5e', '関節炎症状は、片側の関節に好発する。', 'f', '4') ON CONFLICT DO NOTHING;
INSERT INTO public.options (id, question_id, content, is_correct, "order") VALUES ('9e8d634c-b4ba-453d-8800-5e00e32e1252', '7582b1ed-2acc-4b84-9660-f42170080d5e', '自己抗体は、陰性である。', 'f', '5') ON CONFLICT DO NOTHING;
INSERT INTO public.options (id, question_id, content, is_correct, "order") VALUES ('a2fd0a50-5470-4c1f-92c3-80080c27529f', 'f0cba206-86d4-47ef-9471-849b22bafcdb', '日和見感染とは、感染しても症状が現れない場合をいう。', 'f', '1') ON CONFLICT DO NOTHING;
INSERT INTO public.options (id, question_id, content, is_correct, "order") VALUES ('7711be0a-e516-4720-acc5-5ed9a6c3f7e3', 'f0cba206-86d4-47ef-9471-849b22bafcdb', 'ブドウ球菌は、グラム陰性菌である。', 'f', '2') ON CONFLICT DO NOTHING;
INSERT INTO public.options (id, question_id, content, is_correct, "order") VALUES ('8140c364-a1bf-4e55-9ef6-b182001e44dc', 'f0cba206-86d4-47ef-9471-849b22bafcdb', '帯状疱疹の病原体は、単純ヘルペスウイルスである。', 'f', '3') ON CONFLICT DO NOTHING;
INSERT INTO public.options (id, question_id, content, is_correct, "order") VALUES ('84b04beb-9998-4ec3-a692-00100880f6ee', 'f0cba206-86d4-47ef-9471-849b22bafcdb', '劇症型溶連菌感染症は、再興感染症である。', 't', '4') ON CONFLICT DO NOTHING;
INSERT INTO public.options (id, question_id, content, is_correct, "order") VALUES ('2ec82fb5-0452-4cd5-b9a8-86ad48309812', 'f0cba206-86d4-47ef-9471-849b22bafcdb', '発疹チフスの病原体は、クラミジアである。', 'f', '5') ON CONFLICT DO NOTHING;
INSERT INTO public.options (id, question_id, content, is_correct, "order") VALUES ('343233a6-4a25-43b4-9528-3a98749125c6', 'ffd163c1-6067-4d9d-a7f8-a2cb1a4f35c0', 'なす果皮のナスニンは、カロテノイド色素である。', 'f', '1') ON CONFLICT DO NOTHING;
INSERT INTO public.options (id, question_id, content, is_correct, "order") VALUES ('3c5e393f-7b1a-40aa-acfe-09105919c5d1', 'ffd163c1-6067-4d9d-a7f8-a2cb1a4f35c0', 'とうがらしの辛み成分は、イソチオシアネートである。', 'f', '2') ON CONFLICT DO NOTHING;
INSERT INTO public.options (id, question_id, content, is_correct, "order") VALUES ('3ab2be86-8517-4314-9c83-ee6547dcf93e', 'ffd163c1-6067-4d9d-a7f8-a2cb1a4f35c0', 'ほうれんそうのあく成分は、ホモゲンチジン酸である。', 'f', '3') ON CONFLICT DO NOTHING;
INSERT INTO public.options (id, question_id, content, is_correct, "order") VALUES ('22b2f7d1-ffd7-4996-b6f6-34189ca5f502', 'ffd163c1-6067-4d9d-a7f8-a2cb1a4f35c0', 'ブロッコリー（花序・ゆで）の可食部 100 g 当たりのビタミン C 含量は、だ いこん（根・皮なし・生）より多い。', 't', '4') ON CONFLICT DO NOTHING;
INSERT INTO public.options (id, question_id, content, is_correct, "order") VALUES ('a6a49696-3251-4719-85f2-7f3d343325e6', 'ffd163c1-6067-4d9d-a7f8-a2cb1a4f35c0', 'にんじん（根・皮なし・生）の可食部 100 g 当たりのカルシウム含量は、こま つな（葉・生）より多い。 14', 'f', '5') ON CONFLICT DO NOTHING;
INSERT INTO public.options (id, question_id, content, is_correct, "order") VALUES ('cfb879e3-71b4-44a3-87fb-eaee34f9dd1a', 'b663ed03-d361-4e39-9e9c-993fcf7caa74', '干ししいたけの香りの主成分は、ヌートカトンである。', 'f', '1') ON CONFLICT DO NOTHING;
INSERT INTO public.options (id, question_id, content, is_correct, "order") VALUES ('0a22a7a6-d70b-4bfb-b323-847ad7d6cbb3', 'b663ed03-d361-4e39-9e9c-993fcf7caa74', 'まつたけの香りの主成分は、ノナジエノールである。', 'f', '2') ON CONFLICT DO NOTHING;
INSERT INTO public.options (id, question_id, content, is_correct, "order") VALUES ('96afc229-d59d-464a-96f9-dbc4fdaa6922', 'b663ed03-d361-4e39-9e9c-993fcf7caa74', 'きくらげは、7 ─ デヒドロコレステロールを含む。', 'f', '3') ON CONFLICT DO NOTHING;
INSERT INTO public.options (id, question_id, content, is_correct, "order") VALUES ('6c0ce163-60e1-4402-9512-49c0088fbb53', 'b663ed03-d361-4e39-9e9c-993fcf7caa74', '傘が7割程度開いた肉厚の干ししいたけを、どんこ（冬菇）という。', 't', '4') ON CONFLICT DO NOTHING;
INSERT INTO public.options (id, question_id, content, is_correct, "order") VALUES ('8a578860-0518-41b8-9613-45b99513b659', 'b663ed03-d361-4e39-9e9c-993fcf7caa74', 'トリュフは、コナラなどの原木で栽培される。', 'f', '5') ON CONFLICT DO NOTHING;
INSERT INTO public.options (id, question_id, content, is_correct, "order") VALUES ('fac4750e-48fd-4fc0-b5cf-6bc588fa5459', 'a13d7a1b-7a08-4429-bf5c-f8c216ef60e9', 'と畜後、グリコーゲンが嫌気的に分解されることで、pH が上昇する。', 'f', '1') ON CONFLICT DO NOTHING;
INSERT INTO public.options (id, question_id, content, is_correct, "order") VALUES ('4d7756ca-50c1-40e1-8fdf-9b0a1124723e', 'a13d7a1b-7a08-4429-bf5c-f8c216ef60e9', '鶏肉の0～4°C における最大死後硬直期までの時間は、牛肉より長い。', 'f', '2') ON CONFLICT DO NOTHING;
INSERT INTO public.options (id, question_id, content, is_correct, "order") VALUES ('58b886cb-3a42-4f82-86b8-309b50d0be69', 'a13d7a1b-7a08-4429-bf5c-f8c216ef60e9', 'と畜後、アクトミオシンが形成されると、肉質は軟化する。', 'f', '3') ON CONFLICT DO NOTHING;
INSERT INTO public.options (id, question_id, content, is_correct, "order") VALUES ('202819f1-4a20-456b-adbe-f4fb65997c5d', 'a13d7a1b-7a08-4429-bf5c-f8c216ef60e9', '熟成中に ATP が増加することで、うま味が増す。', 'f', '4') ON CONFLICT DO NOTHING;
INSERT INTO public.options (id, question_id, content, is_correct, "order") VALUES ('ec3019b5-5059-4844-b6b8-9986d93b3d03', 'a13d7a1b-7a08-4429-bf5c-f8c216ef60e9', 'メトミオグロビンにおけるヘム中の鉄イオンは、３価である。', 't', '5') ON CONFLICT DO NOTHING;
INSERT INTO public.options (id, question_id, content, is_correct, "order") VALUES ('d05cc066-38eb-4c61-89a6-2541e16e6075', 'e2059677-3a82-4f6f-a7fb-c80d436e376c', 'サフラワー油は、ヒマワリの種子を原料として製造される。', 'f', '1') ON CONFLICT DO NOTHING;
INSERT INTO public.options (id, question_id, content, is_correct, "order") VALUES ('136a3506-3ea4-4d9d-affc-4a450ceb1dee', 'e2059677-3a82-4f6f-a7fb-c80d436e376c', 'バターのリノール酸含量は、とうもろこし油より多い。', 'f', '2') ON CONFLICT DO NOTHING;
INSERT INTO public.options (id, question_id, content, is_correct, "order") VALUES ('ef776846-e356-442b-9433-a19b4d8ee101', 'e2059677-3a82-4f6f-a7fb-c80d436e376c', 'えごま油のα ─ リノレン酸含量は、ごま油より多い。', 't', '3') ON CONFLICT DO NOTHING;
INSERT INTO public.options (id, question_id, content, is_correct, "order") VALUES ('920d14c7-506b-4bbd-92a8-b39dc25f5151', 'e2059677-3a82-4f6f-a7fb-c80d436e376c', 'カカオ脂のヨウ素価は、オリーブ油より大きい。', 'f', '4') ON CONFLICT DO NOTHING;
INSERT INTO public.options (id, question_id, content, is_correct, "order") VALUES ('5883835e-3a4f-4566-abc9-b58bdffb5d36', 'e2059677-3a82-4f6f-a7fb-c80d436e376c', '米ぬか油のけん化価は、パーム油より大きい。 15', 'f', '5') ON CONFLICT DO NOTHING;
INSERT INTO public.options (id, question_id, content, is_correct, "order") VALUES ('bc0b1947-c2b1-4e17-8681-401bc698728a', '8280d5b8-bb29-4afa-9831-61d89748d0e8', 'サーデンペプチドによる血圧の降下消化管内', 'f', '1') ON CONFLICT DO NOTHING;
INSERT INTO public.options (id, question_id, content, is_correct, "order") VALUES ('06676a83-1439-4ca5-bd9b-da662b52b144', '8280d5b8-bb29-4afa-9831-61d89748d0e8', '大豆イソフラボンによる骨の健康維持消化管内', 'f', '2') ON CONFLICT DO NOTHING;
INSERT INTO public.options (id, question_id, content, is_correct, "order") VALUES ('87c83a92-8fed-400d-af43-90017fd0eb4a', '8280d5b8-bb29-4afa-9831-61d89748d0e8', '難消化性デキストリンによる血糖値上昇の抑制標的組織', 'f', '3') ON CONFLICT DO NOTHING;
INSERT INTO public.options (id, question_id, content, is_correct, "order") VALUES ('b0c007eb-4668-4be7-b95c-f29d8425b158', '8280d5b8-bb29-4afa-9831-61d89748d0e8', 'EPA による血中中性脂肪の減少標的組織', 't', '4') ON CONFLICT DO NOTHING;
INSERT INTO public.options (id, question_id, content, is_correct, "order") VALUES ('b2c94549-4272-47b4-948f-5aed55aa851e', '8280d5b8-bb29-4afa-9831-61d89748d0e8', 'CPP（カゼインホスホペプチド）によるカルシウムの吸収促進 標的組織', 'f', '5') ON CONFLICT DO NOTHING;
INSERT INTO public.options (id, question_id, content, is_correct, "order") VALUES ('2dd40642-b9bd-435f-917d-958b32f2ca52', '1535dd34-f264-4dbd-97e2-baf207d8205a', 'キシリトールの低う蝕作用再石灰化の促進', 'f', '1') ON CONFLICT DO NOTHING;
INSERT INTO public.options (id, question_id, content, is_correct, "order") VALUES ('2f960ee5-3a55-4383-8aee-f0c5a0948f32', '1535dd34-f264-4dbd-97e2-baf207d8205a', '難消化性オリゴ糖の整腸作用 プロバイオティクスとしての作用', 'f', '2') ON CONFLICT DO NOTHING;
INSERT INTO public.options (id, question_id, content, is_correct, "order") VALUES ('e6634829-0a4d-4040-a572-83119cb0f0c7', '1535dd34-f264-4dbd-97e2-baf207d8205a', '中鎖脂肪酸の体脂肪低蓄積性 脂肪組織でのβ酸化関連酵素の活性化', 'f', '3') ON CONFLICT DO NOTHING;
INSERT INTO public.options (id, question_id, content, is_correct, "order") VALUES ('84a486aa-d5db-4361-b775-59aa630cbfe8', '1535dd34-f264-4dbd-97e2-baf207d8205a', 'キトサンの血中コレステロー ル低下作用 胆汁酸の再吸収抑制', 't', '4') ON CONFLICT DO NOTHING;
INSERT INTO public.options (id, question_id, content, is_correct, "order") VALUES ('0531d768-e786-46a9-910c-3e36179644ed', '1535dd34-f264-4dbd-97e2-baf207d8205a', 'γ ─ アミノ酪酸（GABA）の降 圧作用 アンジオテンシン変換酵素の阻害', 'f', '5') ON CONFLICT DO NOTHING;
INSERT INTO public.options (id, question_id, content, is_correct, "order") VALUES ('bc2212df-ee2c-4254-bf55-a056a559497b', '13343b87-69fb-435f-9a03-c8e241c1819f', '食品中の生菌数が 10 ３ 個/g を超えると、初期腐敗と判定される。', 'f', '1') ON CONFLICT DO NOTHING;
INSERT INTO public.options (id, question_id, content, is_correct, "order") VALUES ('0c1c28af-7611-4bc8-bcea-3220d7fd1f73', '13343b87-69fb-435f-9a03-c8e241c1819f', 'トリメチルアミンは、肉類における初期腐敗の指標である。', 'f', '2') ON CONFLICT DO NOTHING;
INSERT INTO public.options (id, question_id, content, is_correct, "order") VALUES ('beab3838-5365-4d99-b316-f623d73745a5', '13343b87-69fb-435f-9a03-c8e241c1819f', 'ヘテロサイクリックアミンは、非酵素的褐変により生成する。', 'f', '3') ON CONFLICT DO NOTHING;
INSERT INTO public.options (id, question_id, content, is_correct, "order") VALUES ('fa0f2524-e115-44f6-baa0-10d8753883c8', '13343b87-69fb-435f-9a03-c8e241c1819f', '油脂の自動酸化は、不飽和脂肪酸から水素原子が脱離することで開始する。', 't', '4') ON CONFLICT DO NOTHING;
INSERT INTO public.options (id, question_id, content, is_correct, "order") VALUES ('d0df9fbd-cb85-4fe5-9f43-ad72a61c2bae', '13343b87-69fb-435f-9a03-c8e241c1819f', 'K 値は、ATP 関連化合物の酵素的分解が進むと低下する。 17', 'f', '5') ON CONFLICT DO NOTHING;
INSERT INTO public.options (id, question_id, content, is_correct, "order") VALUES ('ef576304-561b-41a9-9f64-609883629066', 'a5cd8af7-2ac5-4853-bfb3-87e009e3ef9f', 'テトロドトキシンは、煮沸処理により無毒化される。', 'f', '1') ON CONFLICT DO NOTHING;
INSERT INTO public.options (id, question_id, content, is_correct, "order") VALUES ('3b57195c-1503-467d-9cb1-3f34790861f0', 'a5cd8af7-2ac5-4853-bfb3-87e009e3ef9f', 'トリカブトによる食中毒の原因物質は、リコリンである。', 'f', '2') ON CONFLICT DO NOTHING;
INSERT INTO public.options (id, question_id, content, is_correct, "order") VALUES ('749d3146-2cd9-4e16-bbdc-501492b9b861', 'a5cd8af7-2ac5-4853-bfb3-87e009e3ef9f', 'じゃがいもによる食中毒の原因物質は、リナマリンである。', 'f', '3') ON CONFLICT DO NOTHING;
INSERT INTO public.options (id, question_id, content, is_correct, "order") VALUES ('39c55deb-3fb8-410a-b597-0f1c0a6f35a9', 'a5cd8af7-2ac5-4853-bfb3-87e009e3ef9f', 'イヌサフランによる食中毒の原因物質は、イルジン S である。', 'f', '4') ON CONFLICT DO NOTHING;
INSERT INTO public.options (id, question_id, content, is_correct, "order") VALUES ('9593e96e-47aa-4887-baec-1d2f382d9b74', 'a5cd8af7-2ac5-4853-bfb3-87e009e3ef9f', 'シガテラ中毒の主症状は、ドライアイスセンセーションである。', 't', '5') ON CONFLICT DO NOTHING;
INSERT INTO public.options (id, question_id, content, is_correct, "order") VALUES ('5c0a9a7b-c93c-428b-b9c6-d5c48f78eed0', 'd098dbf2-7482-4982-92fa-a7b24b6c887a', 'カンピロバクターによる食中毒の潜伏期間は、12 時間程度である。', 'f', '1') ON CONFLICT DO NOTHING;
INSERT INTO public.options (id, question_id, content, is_correct, "order") VALUES ('fafedc61-d5c1-4e2d-98a7-389cb95736d9', 'd098dbf2-7482-4982-92fa-a7b24b6c887a', '腸管出血性大腸菌は、芽胞を形成する。', 'f', '2') ON CONFLICT DO NOTHING;
INSERT INTO public.options (id, question_id, content, is_correct, "order") VALUES ('7ff0886f-39d3-4bc9-a2a6-bd1024a56e75', 'd098dbf2-7482-4982-92fa-a7b24b6c887a', '黄色ブドウ球菌の毒素は、煮沸処理では無毒化されない。', 't', '3') ON CONFLICT DO NOTHING;
INSERT INTO public.options (id, question_id, content, is_correct, "order") VALUES ('0c0de028-8f77-4069-945c-612767a1d4fa', 'd098dbf2-7482-4982-92fa-a7b24b6c887a', 'リステリア属菌による食中毒の主症状は、神経麻痺である。', 'f', '4') ON CONFLICT DO NOTHING;
INSERT INTO public.options (id, question_id, content, is_correct, "order") VALUES ('47824bd7-29aa-45f9-b9ed-fbec4089c2aa', 'd098dbf2-7482-4982-92fa-a7b24b6c887a', 'ノロウイルスは、ヒトを介した二次感染はない。', 'f', '5') ON CONFLICT DO NOTHING;
INSERT INTO public.options (id, question_id, content, is_correct, "order") VALUES ('b37e0abd-37cc-4800-b989-ad77cb419d1b', '54df3f94-4160-4d72-b74e-b52ea4de209c', 'Campylobacter jejuni 魚介類', 'f', '1') ON CONFLICT DO NOTHING;
INSERT INTO public.options (id, question_id, content, is_correct, "order") VALUES ('7cbd1baa-c0b5-4520-b311-a4f112f6857e', '54df3f94-4160-4d72-b74e-b52ea4de209c', 'Clostridium perfringens カレーライス', 't', '2') ON CONFLICT DO NOTHING;
INSERT INTO public.options (id, question_id, content, is_correct, "order") VALUES ('344a18a7-9491-4d2f-bc4c-a3a0c6260a3a', '54df3f94-4160-4d72-b74e-b52ea4de209c', 'Salmonella enterica serovar Enteritidis二枚貝', 'f', '3') ON CONFLICT DO NOTHING;
INSERT INTO public.options (id, question_id, content, is_correct, "order") VALUES ('78f1f175-341b-4189-88a8-91fc2c083bc6', '54df3f94-4160-4d72-b74e-b52ea4de209c', 'Staphylococcus aureusはちみつ', 'f', '4') ON CONFLICT DO NOTHING;
INSERT INTO public.options (id, question_id, content, is_correct, "order") VALUES ('66a3e609-0721-4f9f-8233-1995ef868c75', '54df3f94-4160-4d72-b74e-b52ea4de209c', 'Vibrio parahaemolyticus鶏卵 18', 'f', '5') ON CONFLICT DO NOTHING;
INSERT INTO public.options (id, question_id, content, is_correct, "order") VALUES ('debf5e14-9896-46f2-a9ba-3bbff6e55116', '81392a3e-328c-4131-b023-f87793759390', 'アフラトキシン M1は、主に落花生から検出される。', 'f', '1') ON CONFLICT DO NOTHING;
INSERT INTO public.options (id, question_id, content, is_correct, "order") VALUES ('54047c20-199b-4b7c-8c38-03ab50a60b95', '81392a3e-328c-4131-b023-f87793759390', 'パツリンは、主に米から検出される。', 'f', '2') ON CONFLICT DO NOTHING;
INSERT INTO public.options (id, question_id, content, is_correct, "order") VALUES ('0c918c11-1508-4d38-a9bc-82d214ba4272', '81392a3e-328c-4131-b023-f87793759390', 'ベンゾ［a］ピレンは、主に果物から検出される。', 'f', '3') ON CONFLICT DO NOTHING;
INSERT INTO public.options (id, question_id, content, is_correct, "order") VALUES ('c97cf2d1-c2c4-457c-867c-2d25ed877638', '81392a3e-328c-4131-b023-f87793759390', '異常プリオンは、牛の扁桃に蓄積しやすい。', 't', '4') ON CONFLICT DO NOTHING;
INSERT INTO public.options (id, question_id, content, is_correct, "order") VALUES ('3d367323-282c-464d-ba89-b8b6504d73ee', '81392a3e-328c-4131-b023-f87793759390', 'セシウム 137 は、主に骨に沈着する。', 'f', '5') ON CONFLICT DO NOTHING;
INSERT INTO public.options (id, question_id, content, is_correct, "order") VALUES ('7e7dbf30-7200-429b-936c-08a342d1901a', '601b36be-4c3b-4730-880e-30986e4d381f', '無毒性量は、ヒトへの試験をもとに設定される。', 'f', '1') ON CONFLICT DO NOTHING;
INSERT INTO public.options (id, question_id, content, is_correct, "order") VALUES ('42ad553d-99e4-44a7-b16e-4997b12ee9fb', '601b36be-4c3b-4730-880e-30986e4d381f', '亜硝酸ナトリウムは、着色料として使用される。', 'f', '2') ON CONFLICT DO NOTHING;
INSERT INTO public.options (id, question_id, content, is_correct, "order") VALUES ('0104fa43-9179-4eed-94e5-5f452534c16f', '601b36be-4c3b-4730-880e-30986e4d381f', 'ソルビン酸カリウムは、酸化防止剤として使用される。', 'f', '3') ON CONFLICT DO NOTHING;
INSERT INTO public.options (id, question_id, content, is_correct, "order") VALUES ('1aec28d9-6f28-4b84-bf7b-8ae9394989ff', '601b36be-4c3b-4730-880e-30986e4d381f', 'オルトフェニルフェノールは、防かび剤として使用される。', 't', '4') ON CONFLICT DO NOTHING;
INSERT INTO public.options (id, question_id, content, is_correct, "order") VALUES ('db004aab-5d52-4468-9381-b3b0fbd9fc80', '601b36be-4c3b-4730-880e-30986e4d381f', '甘味料は、一括名での表示が可能である。', 'f', '5') ON CONFLICT DO NOTHING;
INSERT INTO public.options (id, question_id, content, is_correct, "order") VALUES ('b4aa52e8-0536-4973-9236-c67a5db4b014', 'c70a48c9-f35a-42e5-be10-e9325aece631', 'たんぱく質 カールフィッシャー法', 'f', '1') ON CONFLICT DO NOTHING;
INSERT INTO public.options (id, question_id, content, is_correct, "order") VALUES ('421ffffd-8d1d-4031-abe0-10663f294186', 'c70a48c9-f35a-42e5-be10-e9325aece631', '脂質原子吸光光度法', 'f', '2') ON CONFLICT DO NOTHING;
INSERT INTO public.options (id, question_id, content, is_correct, "order") VALUES ('7081e2ab-31db-41bf-8cbb-ede58b22ee7d', 'c70a48c9-f35a-42e5-be10-e9325aece631', '炭水化物ジエチルエーテルによるソックスレー抽出法', 'f', '3') ON CONFLICT DO NOTHING;
INSERT INTO public.options (id, question_id, content, is_correct, "order") VALUES ('bb489cfb-3e0b-405b-aefe-b6fde0412f34', 'c70a48c9-f35a-42e5-be10-e9325aece631', '食物繊維プロスキー法', 't', '4') ON CONFLICT DO NOTHING;
INSERT INTO public.options (id, question_id, content, is_correct, "order") VALUES ('6050172e-455e-4d54-9ca6-4d225491692e', 'c70a48c9-f35a-42e5-be10-e9325aece631', 'ナトリウムケルダール法', 'f', '5') ON CONFLICT DO NOTHING;
INSERT INTO public.options (id, question_id, content, is_correct, "order") VALUES ('5e55020f-78fc-4a5e-bea0-f3547ef138ca', 'c6bb2e3e-4e86-43bc-b657-144734695d87', '脂質は、補給ができる旨の表示に関する基準値がある。', 'f', '1') ON CONFLICT DO NOTHING;
INSERT INTO public.options (id, question_id, content, is_correct, "order") VALUES ('eaf540fc-1570-4a3e-818a-2cc6beca8eed', 'c6bb2e3e-4e86-43bc-b657-144734695d87', '不飽和脂肪酸の量は、表示が推奨されている。', 'f', '2') ON CONFLICT DO NOTHING;
INSERT INTO public.options (id, question_id, content, is_correct, "order") VALUES ('c6b9793a-7e1d-445a-ad92-bf242c8e0a64', 'c6bb2e3e-4e86-43bc-b657-144734695d87', '食塩を使用していない場合は、ナトリウムの含有量にかかわらず食塩相当量 を「0」と表示できる。', 'f', '3') ON CONFLICT DO NOTHING;
INSERT INTO public.options (id, question_id, content, is_correct, "order") VALUES ('0705ea60-9ecf-42cd-ab13-34bb3b18d38e', 'c6bb2e3e-4e86-43bc-b657-144734695d87', '「甘さひかえめ」は、糖類が低減された旨の表示ではない。', 't', '4') ON CONFLICT DO NOTHING;
INSERT INTO public.options (id, question_id, content, is_correct, "order") VALUES ('9d4e53df-d704-43c7-836e-bf813c988789', 'c6bb2e3e-4e86-43bc-b657-144734695d87', '大豆を原材料に含む場合は、アレルゲンとしての表示が義務づけられている。 19', 'f', '5') ON CONFLICT DO NOTHING;
INSERT INTO public.options (id, question_id, content, is_correct, "order") VALUES ('6c031799-9f0e-4971-bde8-6a04d7c7e068', '4cc951e3-ba0f-49a9-862a-ee26b4adcfb6', 'ビタミン B 1 腸管でのカルシウムの吸収を促進し、骨の形成を助け る栄養素です。', 'f', '1') ON CONFLICT DO NOTHING;
INSERT INTO public.options (id, question_id, content, is_correct, "order") VALUES ('ffa19e21-3c39-4033-a63c-3667a0711294', '4cc951e3-ba0f-49a9-862a-ee26b4adcfb6', 'ビタミン C 抗酸化作用により、体内の脂質を酸化から守り、細胞 の健康維持を助ける栄養素です。', 'f', '2') ON CONFLICT DO NOTHING;
INSERT INTO public.options (id, question_id, content, is_correct, "order") VALUES ('b3fb4128-2c0a-45a5-8e50-19a49d06358a', '4cc951e3-ba0f-49a9-862a-ee26b4adcfb6', 'ビタミン D 炭水化物からのエネルギー産生と皮膚や粘膜の健康維 持を助ける栄養素です。', 'f', '3') ON CONFLICT DO NOTHING;
INSERT INTO public.options (id, question_id, content, is_correct, "order") VALUES ('dfb54d31-95ff-4873-b3f1-70796e2b56fa', '4cc951e3-ba0f-49a9-862a-ee26b4adcfb6', 'ビタミン E 皮膚や粘膜の健康維持を助けるとともに、抗酸化作用 を持つ栄養素です。', 'f', '4') ON CONFLICT DO NOTHING;
INSERT INTO public.options (id, question_id, content, is_correct, "order") VALUES ('772c5bb3-2222-402c-9d84-15c14d257a68', '4cc951e3-ba0f-49a9-862a-ee26b4adcfb6', 'ビタミン K 正常な血液凝固能を維持する栄養素です。', 't', '5') ON CONFLICT DO NOTHING;
INSERT INTO public.options (id, question_id, content, is_correct, "order") VALUES ('e2d6a959-ce83-474f-a7a2-c99baf6260f8', '09e25c37-5c85-4263-9ccd-f72ffea16280', '授乳婦用に開発された加工食品は、対象に含まれる。', 't', '1') ON CONFLICT DO NOTHING;
INSERT INTO public.options (id, question_id, content, is_correct, "order") VALUES ('f8fac3fb-499f-420a-941c-0668ebef3ed5', '09e25c37-5c85-4263-9ccd-f72ffea16280', 'サプリメント形状の加工食品は、対象に含まれる。', 'f', '2') ON CONFLICT DO NOTHING;
INSERT INTO public.options (id, question_id, content, is_correct, "order") VALUES ('1b46cff4-305d-4c98-8c51-7a8bc8e66475', '09e25c37-5c85-4263-9ccd-f72ffea16280', '安全性および機能性の根拠に関する情報は、消費者庁のウェブサイトで確認 することができる。', 'f', '3') ON CONFLICT DO NOTHING;
INSERT INTO public.options (id, question_id, content, is_correct, "order") VALUES ('9d64293a-5968-42a2-8d46-a3a0b413dc34', '09e25c37-5c85-4263-9ccd-f72ffea16280', '体調に異変を感じた際は、速やかに摂取を中止し、医師に相談する。', 'f', '4') ON CONFLICT DO NOTHING;
INSERT INTO public.options (id, question_id, content, is_correct, "order") VALUES ('c4636f70-7aa9-408c-b72a-797fd6bfd66c', '09e25c37-5c85-4263-9ccd-f72ffea16280', '容器包装に、「食生活は、主食、主菜、副菜を基本に、食事のバランスを。」 と表示しなくてはならない。', 'f', '5') ON CONFLICT DO NOTHING;
INSERT INTO public.options (id, question_id, content, is_correct, "order") VALUES ('c34b3230-9944-460b-8346-a75ead7fc417', '80d26701-afdb-4d09-944d-d9cd3852f205', 'ブランチングは、紅茶製造における茶葉の発酵に用いられる。', 'f', '1') ON CONFLICT DO NOTHING;
INSERT INTO public.options (id, question_id, content, is_correct, "order") VALUES ('6977133b-9048-428d-8d03-51281928c07c', '80d26701-afdb-4d09-944d-d9cd3852f205', '電気透析は、食塩の製造に用いられる。', 't', '2') ON CONFLICT DO NOTHING;
INSERT INTO public.options (id, question_id, content, is_correct, "order") VALUES ('32a34a3f-1e45-4813-8916-feff18575fa3', '80d26701-afdb-4d09-944d-d9cd3852f205', '噴霧乾燥は、するめの製造に用いられる。', 'f', '3') ON CONFLICT DO NOTHING;
INSERT INTO public.options (id, question_id, content, is_correct, "order") VALUES ('1f9928d8-f5ec-4aa1-99a4-5cda66d515cc', '80d26701-afdb-4d09-944d-d9cd3852f205', '逆浸透は、ビール製造における酵母の除去に用いられる。', 'f', '4') ON CONFLICT DO NOTHING;
INSERT INTO public.options (id, question_id, content, is_correct, "order") VALUES ('12096a48-5025-4c67-a13e-a7deab74db44', '80d26701-afdb-4d09-944d-d9cd3852f205', '水素添加は、バターの製造に用いられる。 20', 'f', '5') ON CONFLICT DO NOTHING;
